1;72.798348;-39.338600;-31.468483;-1.991264
2;-11.567771;43.064677;-11.540382;-19.956524
4;-4.349870;3.418233;-31.796081;32.727720
4;-19.003883;-12.583853;3.816230;27.771506
4;-5.141295;31.942207;-58.743829;31.942917
1;108.304482;-25.829766;-43.968085;-38.506630
4;-19.281438;-20.930591;-40.460392;80.672422
4;-28.211942;-23.035928;-25.024054;76.271922
1;74.560472;-24.838758;-25.116992;-24.604723
4;-23.871452;-24.084817;-28.174316;76.130583
4;-22.664036;-3.072545;-7.557009;33.293589
1;56.023146;-19.100128;-28.522818;-8.400201
1;74.818870;-24.862083;-25.012204;-24.944584
2;-24.562721;75.766682;-24.214889;-26.989067
4;-17.767211;-18.069396;-18.699706;54.536314
4;-7.044101;0.320954;-8.726223;15.449369
4;-11.820933;-5.893893;-20.566547;38.281373
4;-20.492469;-38.334470;-20.491156;79.318095
4;-23.656950;-26.556608;-24.357344;74.570900
4;-17.015903;6.827880;-30.886380;41.074403
2;-47.564065;83.999174;-27.429767;-9.005338
4;-25.704727;-24.441916;-24.769956;74.916599
2;-32.763858;84.613081;-15.986241;-35.862982
1;116.439457;3.892279;-135.308739;14.977004
2;-7.047923;43.818250;-29.368597;-7.401729
4;-34.320994;-2.163007;-12.588243;49.072245
4;-78.317611;-2.135647;-17.393772;97.847029
2;-21.752286;43.321516;-28.076263;6.507032
4;-18.284200;19.895649;-30.407121;28.795672
2;-19.875556;67.840057;-19.842688;-28.121809
1;74.977182;-24.895133;-25.220014;-24.862036
2;-20.407380;79.126037;-32.663743;-26.054910
4;-16.600476;-6.180872;-10.900898;33.682245
4;-25.704727;-24.441916;-24.769956;74.916599
2;-44.447089;74.067479;-15.116850;-14.503539
4;-24.397437;-24.448214;-36.452416;85.298066
4;-6.858169;-20.046271;-4.114415;31.018857
2;-22.409846;67.423730;-22.532865;-22.481018
4;-24.211844;11.033490;-34.224012;47.402365
1;80.099537;-32.157783;-27.734199;-20.207556
4;-11.011760;-10.964384;-11.368336;33.344480
2;-18.788296;56.284297;-18.650101;-18.845901
1;33.350154;8.114551;-27.864198;-13.600506
4;-23.640564;-23.198397;-29.477214;76.316175
4;4.444840;-76.135120;-12.501803;84.192082
4;-45.277415;-23.945743;-77.573689;146.796845
2;-25.097975;74.904958;-24.935413;-24.871573
4;-21.191393;-21.110331;-21.382573;63.684297
2;-15.784181;39.005333;-14.811299;-8.409854
1;66.167948;-4.884169;-71.510115;10.226338
1;36.885355;-12.217257;-12.392649;-12.275449
4;-17.155848;-17.133196;-27.097589;61.386632
2;-24.823151;74.142692;-24.620439;-24.699101
1;135.613953;-50.549834;-120.771219;35.707100
2;-3.994264;5.174871;-0.566959;-0.613648
4;3.691431;-5.718667;-9.360386;11.387622
2;-0.793612;34.644912;-2.822975;-31.028325
2;-4.726213;16.509464;-7.079862;-4.703390
4;-16.093940;-12.387768;-13.585939;42.067645
4;-34.320994;-2.163007;-12.588243;49.072245
2;-4.281805;18.625274;-4.423348;-9.920122
4;-13.134425;-13.240700;-60.402988;86.778111
4;-11.403733;-11.483806;-11.127990;34.015530
1;20.216127;-14.561938;-5.107559;-0.546630
4;-10.096516;-10.009716;-10.441979;30.548210
4;-18.132812;-17.899163;-19.811396;55.843368
2;-2.810870;9.063394;-2.007004;-4.245519
4;30.074544;-24.725401;-56.001287;50.652144
2;-5.580959;94.696196;-45.508759;-43.606478
4;-30.005734;-19.567731;-30.995126;80.568590
1;18.792381;-10.755923;2.890574;-10.927032
2;-1.263774;17.946472;-19.084973;2.402276
1;80.099537;-32.157783;-27.734199;-20.207556
4;-26.127158;-24.366736;-25.151576;75.645469
4;-5.141295;31.942207;-58.743829;31.942917
1;101.160031;-6.796022;-96.937634;2.573624
4;-46.010157;-11.399683;-15.954391;73.364232
4;24.231086;-15.358718;-33.970241;25.097871
4;-21.451487;-21.602562;-21.985473;65.039520
2;1.577010;30.655438;-9.130816;-23.101633
1;60.664310;-20.087488;-20.390688;-20.186135
4;-0.373270;-10.201664;-97.442889;108.017823
4;-13.295416;-13.755927;-59.386609;86.437953
4;-3.834293;12.804986;-24.203774;15.233082
4;-2.006528;-61.322411;-38.490431;101.819368
2;-37.517189;54.452991;-12.115448;-4.820353
4;-26.025741;-24.518816;-25.004710;75.549266
4;-43.059804;-30.991933;-38.703649;112.755387
4;-17.843218;-17.751574;-17.812194;53.406985
1;59.924030;-19.847303;-20.076957;-19.999770
4;-6.710782;-10.193969;-24.481587;41.386339
4;-18.729762;4.802934;-11.602082;25.528910
4;-14.444853;-5.500849;-9.409620;29.355323
1;64.866304;-21.608430;-21.646362;-21.611511
2;2.100947;15.788854;-17.999469;0.109669
2;13.835671;47.645146;-20.407171;-41.073644
2;-55.112914;90.629900;-26.394552;-9.122434
1;157.822238;-55.879672;-55.934464;-46.008100
4;-24.395865;-24.299826;-26.873998;75.569686
1;14.424375;7.141262;-28.748814;7.183178
4;-24.885140;-24.881766;-25.078594;74.845500
4;4.333068;-46.088195;-63.204981;104.960108
4;-8.024384;-7.944259;-7.870313;23.838956
2;-37.559784;64.242943;-37.657284;10.974124
4;-13.733911;-13.650347;-13.686371;41.070629
2;42.514351;74.394582;-5.766848;-111.142083
2;-17.852517;22.278717;-25.805777;21.379577
4;-19.074952;-9.821739;-10.024587;38.921278
4;-33.929642;10.002639;-25.426518;49.353520
2;-39.675260;79.862481;-20.033430;-20.153793
1;60.494969;-43.746044;-41.224410;24.475485
4;-45.116944;-2.541569;-49.957133;97.615646
4;-8.474741;-18.709882;-34.636765;61.821385
1;55.097072;-26.230362;-17.024273;-11.842438
1;9.511513;-6.802658;-9.993983;7.285129
2;-9.878293;99.657532;-29.956851;-59.822387
2;-21.100062;63.470969;-21.130734;-21.240172
2;-16.089208;64.085574;-16.022327;-31.974035
2;29.009229;44.230039;-46.257906;-26.981363
4;-18.867472;1.333563;-22.176684;39.710593
1;96.450449;-36.660143;-56.571636;-3.218676
4;-19.661841;-19.736856;-19.789046;59.187744
4;-12.570631;-35.702970;-23.261768;71.535369
4;-11.274954;-16.857996;-60.912228;89.045179
4;-9.929522;2.140593;-24.297563;32.086491
4;-25.112428;-25.000943;-24.943426;75.056796
4;2.229855;-17.820733;-29.857943;45.448821
4;-17.609165;-17.633666;-38.645824;73.888654
1;54.685836;-22.798073;-64.505336;32.617571
1;80.794692;-22.750251;-24.510499;-33.533941
4;-26.405671;0.539808;-8.541615;34.407477
4;-72.389829;-0.392260;-33.344306;106.126395
2;-15.206787;86.026771;-48.716607;-22.103377
1;74.950649;-24.884376;-25.236804;-24.829467
4;-17.609165;-17.633666;-38.645824;73.888654
2;-3.401869;45.590153;-63.694133;21.505851
1;108.304482;-25.829766;-43.968085;-38.506630
4;-15.048812;-9.890437;-51.657790;76.597038
3;-27.416331;-23.958179;75.488919;-24.114414
2;-62.710049;103.428866;-43.824167;3.105349
3;-3.514863;-1.790349;7.402626;-2.097410
4;-5.011230;-15.462626;-5.018953;25.492809
2;3.469822;30.266005;-15.871092;-17.864737
1;75.176076;-24.589042;-25.830043;-24.756995
2;-7.591838;8.335988;-2.607946;1.863796
2;-27.525780;94.098022;-61.124560;-5.447689
2;-45.087993;59.048876;-11.526032;-2.434851
1;71.726604;-22.107630;-42.763939;-6.855035
4;-20.789703;2.757788;-38.457185;56.489100
1;20.494421;-6.621142;-6.630722;-7.242557
4;-14.681161;27.676713;-42.053013;29.057458
2;0.906309;4.470672;-8.252351;2.875369
2;-8.291203;12.121449;-10.592587;6.762342
4;-44.438958;4.750640;-65.082778;104.771096
1;74.823163;-24.884484;-24.988518;-24.950160
2;-28.244948;55.128176;-13.429562;-13.453665
4;-35.706684;-35.728093;-28.908633;100.343408
2;-9.152472;92.093761;-72.646279;-10.295007
4;-11.484223;-15.875116;-11.427218;38.786556
2;-35.707333;84.508283;-32.965403;-15.835547
1;82.567511;3.680057;-55.818029;-30.429539
2;-21.752286;43.321516;-28.076263;6.507032
2;6.769573;20.777688;-17.957176;-9.590086
1;8.370286;-11.175461;2.705317;0.099858
2;32.250727;78.357993;-85.491169;-25.117551
4;-31.503602;-19.496225;-29.443469;80.443295
2;-25.126296;74.952767;-24.923467;-24.903000
2;-9.856520;14.240228;-4.739114;0.355406
4;-10.411575;-0.734438;-11.250976;22.396988
1;27.440305;27.194750;-63.033473;8.398417
1;56.211020;-18.740537;-18.697712;-18.772770
2;-14.179862;18.956674;-5.959097;1.182284
2;-20.565315;79.330555;-20.529869;-38.235371
1;75.827523;-24.409230;-27.570225;-23.848066
1;9.511513;-6.802658;-9.993983;7.285129
4;-12.358267;-14.498042;-36.340317;63.196626
1;71.315485;-19.181739;-36.411590;-15.722156
1;62.439031;-32.603762;-19.894107;-9.941162
4;9.572520;-30.002757;-16.574751;37.004988
2;2.878164;12.655641;-6.105974;-9.427831
1;60.664310;-20.087488;-20.390688;-20.186135
1;75.539191;-27.013894;-24.238607;-24.286689
2;-12.320367;13.370348;-6.579908;5.529926
2;-12.453849;31.150938;-9.458854;-9.238237
1;41.059695;-10.950571;-19.078777;-11.030346
4;-13.100717;-5.583393;-1.500059;20.184170
4;9.825024;-30.394486;1.802623;18.766840
4;-22.664036;-3.072545;-7.557009;33.293589
4;-23.393037;-1.664679;-7.227070;32.284786
1;126.245869;-96.763989;-43.262011;13.780130
4;1.551466;-24.067204;-138.222924;160.738659
2;-24.543643;72.664961;-33.820984;-14.300336
2;6.574354;23.883728;-32.194416;1.736334
4;-39.097519;2.342117;-16.612801;53.368203
1;65.307574;-23.365853;-21.088449;-20.853271
4;-18.563492;-43.910592;-18.829510;81.303594
4;-11.526540;-11.388284;-11.693403;34.608227
1;75.332709;-25.299331;-25.230504;-24.802873
1;75.017347;-25.328436;-25.003866;-24.685046
2;-6.940906;20.794962;-6.892407;-6.961649
2;-24.815715;75.095152;-25.685542;-24.593897
4;-0.603765;5.214190;-15.203771;10.593345
4;-10.931122;-51.727811;-51.386562;114.045489
4;3.111250;-7.624393;-1.968728;6.481871
2;-22.450522;79.704186;-36.423801;-20.829868
4;-6.145254;-60.642546;-26.412466;93.200267
1;108.461606;-55.057292;-62.547189;9.142872
1;65.592868;-6.343097;-27.510666;-31.739103
1;102.395464;-64.896707;-40.323979;2.825222
3;-24.871877;1.356724;21.253312;2.261840
2;-15.733898;63.822259;-15.714242;-32.374122
4;12.213631;-42.304373;-42.780118;72.870861
4;-64.901243;-15.857290;-65.870829;146.629360
1;89.254803;-12.424968;-65.065500;-11.764334
4;-8.239428;7.048073;-6.096611;7.287966
1;3.584954;3.549193;-0.916750;-6.217397
4;-17.839758;-17.217117;-43.593959;78.650830
2;-24.477412;75.465605;-26.375895;-24.612298
4;-17.107965;-17.203096;-49.067301;83.378361
1;56.721581;-18.970354;-18.965986;-18.785239
2;0.000000;8.333334;0.000000;-8.333334
4;9.325044;-7.074718;-24.143037;21.892712
1;0.000000;0.000000;0.000000;0.000000
4;4.705687;-41.240319;-12.514283;49.048915
4;-14.095263;-46.593289;-26.242793;86.931335
4;-15.667710;-29.824574;-39.448396;84.940681
4;-36.607827;0.493670;-17.645490;53.759646
4;-9.505805;-8.979150;-9.040943;27.525896
4;2.149133;-4.167751;-18.283127;20.301746
4;3.448904;-28.100270;-79.067699;103.719067
4;8.664691;-46.014657;-5.706800;43.056767
2;-14.021260;86.717901;-60.171457;-12.525183
4;-3.986782;1.656352;-0.444868;2.775298
1;77.439162;-22.685755;-31.979798;-22.773613
4;-32.906340;-35.084133;-16.036913;84.027381
1;38.993632;24.351370;-26.985970;-36.359031
2;-1.802084;23.056914;-19.216640;-2.038192
1;97.112188;-71.655781;-22.466297;-2.990114
4;-17.224809;-17.340974;-17.221800;51.787582
2;2.750553;46.715939;-23.083456;-26.383039
4;-24.949617;-24.949355;-25.130868;75.029838
4;1.399652;-10.075123;-0.028798;8.704267
4;-11.194791;-31.702323;-15.085081;57.982193
2;-29.857780;91.739384;-13.925914;-47.955693
2;-6.768190;12.161133;-9.373267;3.980324
4;-20.806706;-33.995101;-24.517165;79.318972
4;-17.975189;-36.422137;-45.041964;99.439289
4;-4.759557;-1.823478;-22.696340;29.279373
4;-12.011702;-9.481220;-10.740071;32.232993
4;-6.140571;-18.387066;-12.897043;37.424679
4;-22.470204;-26.358837;-22.485642;71.314682
1;130.894507;-0.926143;-151.583394;21.615029
4;-25.203575;-24.858140;-24.993126;75.054837
4;-14.749887;9.405352;-12.439457;17.783992
4;-5.617208;-8.757108;0.060038;14.314278
4;-30.161257;-7.959683;-73.120779;111.241720
4;-10.898402;-10.922451;-11.016998;32.837851
4;-25.074977;-25.048288;-24.873682;74.996948
1;10.446258;1.549586;-16.845247;4.849405
2;-7.119299;11.461133;-2.664541;-1.677295
1;31.533953;-10.494294;-10.447577;-10.592081
2;-5.590827;24.149643;-13.089236;-5.469580
2;-37.653178;46.822168;-4.849931;-4.319059
4;-19.523256;3.846718;-33.083476;48.760008
2;1.716453;24.571195;-40.648891;14.361245
4;-14.432363;-4.766556;-7.905805;27.104725
1;37.816762;14.155222;-12.977784;-38.994201
4;-6.136561;-6.164911;-6.123196;18.424668
4;-21.601134;-23.834078;-33.215277;78.650483
2;-37.729951;68.382257;-17.044926;-13.607384
1;75.032012;-24.721998;-25.344781;-24.965231
1;32.764383;-6.410855;-19.857787;-6.495743
4;46.384052;-30.017831;-71.520168;55.153936
2;-14.881821;21.480084;-14.265037;7.666774
1;75.124361;-25.167939;-24.920508;-25.035915
4;-16.515173;28.196543;-45.470217;33.788841
1;82.325066;-26.990396;-37.740042;-17.594643
2;-37.586710;83.222565;-28.459758;-17.176105
2;-33.866071;25.534925;-10.135035;18.466181
4;-0.668676;-1.903769;-2.868607;5.441051
1;51.247751;-22.499369;-27.459351;-1.289032
3;-1.039864;-5.827117;11.776368;-4.909386
1;74.020482;-13.533891;-40.723531;-19.763065
4;-26.815798;-52.989194;-10.137130;89.942121
4;-27.000049;8.470511;-23.902072;42.431609
4;-34.695984;0.541377;-16.024370;50.178977
4;-25.976691;12.880645;-28.112259;41.208307
2;-34.942539;36.965464;-22.311474;20.288551
2;-10.567763;46.678690;-10.544271;-25.566658
2;-11.347073;89.466584;-66.941836;-11.177677
2;-5.348584;35.035283;-21.684631;-8.002069
1;84.286168;-23.514847;-33.713541;-27.057779
4;-36.899642;-29.687052;-30.051097;96.637789
4;-24.132507;2.073388;-24.729253;46.788369
2;-37.653178;46.822168;-4.849931;-4.319059
2;2.140091;30.033188;-20.137396;-12.035881
2;1.386837;10.448805;-13.236926;1.401283
1;56.866310;-22.141314;-17.348342;-17.376655
4;-9.749590;2.231201;-20.140451;27.658838
4;-26.170333;-22.119925;-38.031233;86.321491
4;-14.723068;-2.459261;-20.836393;38.018723
2;-40.940459;90.624603;-39.378090;-10.306058
4;-26.046956;-9.175489;-9.222007;44.444450
4;-34.209520;17.280478;-13.711805;30.640849
2;5.130116;13.868886;-7.335169;-11.663831
2;-5.990679;17.864186;-6.003680;-5.869827
4;-26.214312;-24.470677;-24.847752;75.532745
4;-7.716375;-7.717936;-9.537704;24.972014
4;-14.443285;-14.675803;-14.773286;43.892375
4;-34.695984;0.541377;-16.024370;50.178977
1;75.049869;-24.870351;-25.046853;-25.132666
4;-61.343849;10.975388;-55.489049;105.857509
4;-37.408207;-22.949295;-19.794979;80.152479
4;-1.631133;-31.755563;-64.434342;97.821031
1;33.534763;19.792160;-45.044152;-8.282770
2;-29.067638;37.838239;-31.249659;22.479053
4;-63.694170;1.145112;-50.317858;112.866921
2;-15.765180;83.697181;-52.582263;-15.349739
2;-26.842978;22.225993;-1.505116;6.122098
2;-24.351154;81.576130;-18.317019;-38.907962
4;-7.401589;-22.739520;-1.975978;32.117085
4;-24.869573;-25.014252;-24.926713;74.810538
1;98.344172;-86.489573;-9.148782;-2.705822
1;28.852024;-12.613513;-11.754615;-4.483896
4;-25.000662;-24.890367;-25.483721;75.374749
4;-18.961918;-18.610928;-43.869487;81.442331
4;-7.611646;-7.429649;-22.173934;37.215229
4;-0.887689;-6.892579;-4.492385;12.272653
2;-21.654390;65.086047;-21.775464;-21.656190
1;56.866310;-22.141314;-17.348342;-17.376655
4;-9.583899;-6.142849;-23.086159;38.812904
2;-2.028931;26.382123;-22.534010;-1.819181
2;-7.451671;3.363431;1.919988;2.168252
4;-23.753340;-20.622557;-35.503171;79.879071
1;82.337510;-17.691654;-19.265424;-45.380434
2;-23.371226;76.790499;-23.821693;-29.597584
3;-3.616567;-7.788184;14.959263;-3.554511
2;-20.147897;79.515398;-39.631050;-19.736450
2;-2.573178;7.751811;-2.744821;-2.433811
4;-15.742739;9.714062;-13.061304;19.089984
4;-34.047161;-16.084530;-33.610722;83.742415
4;-4.968324;-18.698862;-71.890928;95.558107
1;64.291879;-21.400819;-21.523952;-21.367109
4;-2.398809;3.873098;-24.613552;23.139264
2;-15.464205;81.934167;-38.388744;-28.081223
4;-10.690881;-13.178646;-10.695596;34.565122
4;-30.522763;13.778435;-15.799685;32.544016
2;1.285870;10.098399;-3.289534;-8.094735
2;-64.078423;53.745622;-30.318034;40.650835
4;-26.217663;-27.991229;-28.650320;82.859212
4;-30.521675;23.012653;-22.103847;29.612872
2;-25.148307;74.951803;-24.929389;-24.874108
4;-26.264426;8.863641;-2.229219;19.630006
1;23.780927;-7.648431;-15.183793;-0.948701
1;73.405713;-44.154227;-21.479332;-7.772153
4;-13.990633;-23.557346;-19.474363;57.022339
4;-23.622296;-23.721365;-23.811094;71.154756
4;-11.518714;-26.097223;-51.202009;88.817944
4;-17.747658;-16.249955;-27.521172;61.518783
4;-15.118991;-14.994748;-18.327563;48.441302
2;-24.778919;85.295490;-46.276405;-14.240171
1;85.018704;-78.105340;-24.586814;17.673450
2;18.691080;46.116529;-48.034390;-16.773217
1;95.875026;-4.589574;-86.819406;-4.466047
4;-24.787234;-24.861051;-24.798206;74.446488
2;-11.692315;29.066607;-17.227894;-0.146400
4;2.860591;5.276918;-63.853682;55.716174
4;-27.496455;16.933372;-11.092221;21.655307
2;-25.026110;74.758619;-25.013412;-24.719098
4;-10.664816;-21.015927;-59.847656;91.528400
3;-25.291663;-24.782245;74.694517;-24.620615
1;72.225788;-51.508068;-10.560838;-10.156885
2;-19.411060;69.165674;-19.521953;-30.232661
2;-13.220300;30.849965;-16.278805;-1.350858
1;10.446258;1.549586;-16.845247;4.849405
4;-7.938554;12.492145;-25.035714;20.482123
1;84.311900;-15.925984;-52.392569;-15.993342
4;-23.873315;-26.469938;-26.367796;76.711049
4;-1.813135;-32.551263;-43.277169;77.641568
4;-2.977239;-21.947338;-23.163353;48.087934
4;-8.412917;-7.797053;-2.699426;18.909397
2;-5.599229;262.872762;-52.199155;-205.074377
1;75.785307;-25.188129;-27.464860;-23.132315
4;-48.574090;4.072399;-6.408070;50.909758
1;61.085171;-53.394900;-16.015572;8.325298
4;-2.398809;3.873098;-24.613552;23.139264
4;-12.013956;7.758162;-62.579191;66.834985
4;-3.967100;6.703606;-34.297051;31.560544
4;-17.747658;-16.249955;-27.521172;61.518783
1;47.741963;-44.820435;-22.439945;19.518413
2;-31.806948;25.642174;-1.443634;7.608407
4;-19.077001;-16.156766;-49.506287;84.740049
2;-17.942076;85.485636;-48.862547;-18.681012
4;-23.014424;-22.934910;-25.501425;71.450757
1;74.545045;-24.957627;-24.827791;-24.759629
4;-25.074977;-25.048288;-24.873682;74.996948
4;-26.355369;-7.364965;-60.393796;94.114129
4;2.544495;-17.088907;-33.884568;48.428979
2;-37.653178;46.822168;-4.849931;-4.319059
4;-29.953521;-23.238572;-23.249923;76.442016
2;-27.688874;33.096965;-31.120408;25.712318
2;-24.863392;75.022319;-25.139715;-25.019213
2;-5.829292;45.247748;-64.223067;24.804620
4;-51.898286;-5.489501;2.567699;54.820094
4;-28.048161;-21.735818;-28.545123;78.329105
2;-6.120131;17.927179;-5.881528;-5.925519
2;-5.072639;28.473700;-8.100679;-15.300381
2;-40.097733;84.927488;-29.777631;-15.052126
2;-6.120131;17.927179;-5.881528;-5.925519
4;-14.557553;10.460651;-16.158197;20.255098
2;-1.022387;56.454932;-21.875471;-33.557072
4;-18.841012;-18.851895;-18.942927;56.635836
1;71.887728;-24.052944;-23.911416;-23.923366
2;-19.778810;79.868205;-40.345062;-19.744336
1;79.669742;-38.992155;-20.659268;-20.018315
4;-18.991803;6.057421;-12.931282;25.865664
4;-21.737277;-19.023844;-14.111348;54.872473
4;-24.936695;-25.142816;-24.910369;74.989878
4;-60.838318;-7.228896;-40.546134;108.613350
2;-4.681881;26.915575;-19.888147;-2.345546
4;-4.822006;-4.738449;-5.040979;14.601434
2;-27.129328;14.805527;9.494970;2.828834
2;-23.858260;76.145848;-23.733420;-28.554167
4;1.097547;-33.133384;-75.921509;107.957351
4;-28.859489;-23.610004;-23.746162;76.215656
4;-26.965239;-26.258509;-20.533814;73.757560
4;-20.557939;-23.536151;-20.498144;64.592234
2;-25.543691;75.219367;-24.788669;-24.887007
1;74.974671;-25.122164;-24.922695;-24.929812
4;-25.206669;-24.882838;-24.961285;75.050792
1;14.324152;-17.046145;-8.177584;10.899576
4;-21.314285;-21.031529;-21.157013;63.502830
4;-14.362623;-15.755289;-55.261070;85.378983
4;-55.681807;23.258276;-59.393232;91.816760
2;-25.969657;38.546766;-6.333152;-6.243954
2;-1.017695;12.238610;-5.061226;-6.159689
4;27.646563;-27.305423;-46.199667;45.858529
4;-4.591702;-12.033586;-4.577806;21.203094
1;79.675053;-20.707250;-21.467345;-37.500458
2;-21.896820;77.754516;-33.892669;-21.965026
4;-42.179324;-17.579931;-16.772847;76.532106
4;-28.782823;19.972131;-20.500256;29.310948
4;-21.464455;-20.358913;-38.191554;80.014921
4;1.560459;13.286444;-51.285800;36.438899
1;122.774305;3.818450;-147.487941;20.895187
4;-25.127112;-24.598242;-25.636620;75.361976
4;-21.464455;-20.358913;-38.191554;80.014921
4;8.381778;-23.834335;-4.569791;20.022347
4;-28.782823;19.972131;-20.500256;29.310948
4;-7.632805;-0.445887;-13.950951;22.029645
4;-25.666256;-14.666295;-62.465590;102.798146
2;-29.950888;50.260851;-1.069029;-19.240936
4;-8.455406;-28.806858;-18.636576;55.898838
1;76.540528;-24.312049;-28.627159;-23.601319
2;-23.266750;69.725535;-23.271171;-23.187610
4;-25.048208;-36.021181;-26.173106;87.242494
2;2.314549;3.995160;-0.866088;-5.443620
1;60.264571;-20.162553;-20.128850;-19.973167
4;61.792552;-64.382143;-116.625618;119.215217
4;-30.913983;-27.268631;-23.495374;81.677993
2;-17.599917;52.973560;-17.652336;-17.721304
2;-7.064250;15.298161;-8.978627;0.744715
4;-4.679195;-6.865008;-4.709209;16.253413
4;5.259313;-11.444872;-65.688071;71.873634
4;-12.763295;-8.755982;-8.572933;30.092210
1;88.712320;54.164959;-108.711535;-34.165741
2;-19.640522;59.154295;-19.731455;-19.782320
1;93.895549;-81.003850;-6.043534;-6.848163
4;0.922629;1.151543;-7.150539;5.076367
1;2.452344;-0.294667;-1.816069;-0.341606
2;-47.285238;84.324694;-21.214886;-15.824570
4;13.314270;-17.648466;-24.512589;28.846787
2;-12.752597;22.899746;-14.720306;4.573159
4;-22.674958;-14.966465;-47.634496;85.275922
2;-23.221771;76.388209;-30.222374;-22.944054
4;-23.531135;-23.718595;-29.089731;76.339463
4;-11.721852;-11.616307;-11.689731;35.027890
4;-14.732341;-14.825514;-14.702887;44.260741
2;-4.183779;16.280300;-4.910773;-7.185748
2;-3.455919;14.394467;-7.363086;-3.575460
4;3.225279;-0.664096;-8.721012;6.159828
4;-20.044180;-20.288368;-39.375295;79.707845
2;-24.592769;74.105581;-24.962736;-24.550075
2;-8.278766;92.043796;-41.920819;-41.844213
4;1.193700;-1.525811;-56.806837;57.138953
4;-10.190440;0.617033;-5.516722;15.090131
2;-16.464784;85.176911;-54.504937;-14.207189
3;-9.125346;-16.200782;34.312205;-8.986078
2;5.981335;14.113734;-27.989522;7.894456
4;-10.812207;4.716532;-11.545997;17.641671
4;23.117456;-8.117533;-39.410252;24.410331
2;-55.068620;83.351059;-54.033613;25.751175
1;65.341735;24.155372;-98.485058;8.987947
4;-25.681383;-7.350639;-12.809824;45.841847
4;-9.635531;31.703838;-104.461036;82.392738
1;86.888143;-53.523467;-17.168016;-16.196656
1;75.027281;-24.697837;-25.628275;-24.701172
4;-39.802282;2.288340;-11.570204;49.084148
2;-33.688375;73.024421;-19.720576;-19.615469
4;1.321028;2.496129;-8.715949;4.898792
2;-24.009899;75.858287;-26.260335;-25.588051
2;-36.201415;78.601313;-21.192361;-21.207536
1;4.763942;-1.363899;0.239484;-3.639527
2;4.881648;14.130781;-14.890669;-4.121759
4;-13.562193;-13.609691;-13.557154;40.729038
2;-3.697874;18.009751;-10.681180;-3.630696
2;-1.889541;25.425338;-22.060029;-1.475767
1;24.252556;-10.358598;-22.632955;8.738997
3;-71.780577;-8.958099;90.927093;-10.188419
3;-28.925380;-18.454914;65.866504;-18.486209
4;-16.301728;2.184007;-12.122363;26.240086
2;-12.277205;87.859804;-62.976377;-12.606223
1;76.148998;-23.974403;-27.759671;-24.414919
4;-24.772845;-24.909744;-25.071554;74.754140
1;74.882729;-24.951714;-24.998615;-24.932399
4;-0.773453;-22.838757;-29.913162;53.525373
2;-3.590817;8.068715;0.145015;-4.622912
1;37.875590;10.670393;-21.008648;-27.537334
4;-14.731914;-14.818819;-14.912130;44.462864
4;-32.576696;-2.697323;-8.310672;43.584694
4;-6.817848;-7.146334;-6.785568;20.749748
4;-3.270021;-3.162118;-12.291442;18.723582
4;3.258041;-12.009615;-11.150943;19.902517
2;-11.464879;18.726739;-17.117393;9.855534
1;29.535873;22.725411;-37.432476;-14.828808
4;-21.225677;-15.294958;-27.357593;63.878230
4;-15.337406;-25.094573;-44.246715;84.678697
4;-114.812859;-4.738730;-46.870593;166.422178
4;-26.137857;-24.436495;-24.801914;75.376268
4;-24.879384;-23.935659;-27.845813;76.660857
2;-20.956456;62.683438;-20.992845;-20.734136
4;-14.656439;-13.672153;-11.055140;39.383735
2;-29.819342;79.771455;-34.230853;-15.721260
2;-17.196802;32.422281;-2.033984;-13.191495
1;15.760602;-2.696817;-19.386505;6.322722
4;-57.808318;6.481361;-17.841663;69.168618
1;31.315716;-17.179488;-7.460710;-6.675516
2;2.531894;5.875938;-4.557370;-3.850462
1;37.573821;3.836938;-15.535403;-25.875357
4;-10.541349;-11.564606;-14.373046;36.479003
4;24.786200;-30.634506;-32.392311;38.240619
4;6.483396;2.623154;-22.950353;13.843806
4;9.577919;-4.948222;-15.648574;11.018878
3;-47.253138;-18.492417;82.898637;-17.153075
1;87.326268;-13.650818;-29.740323;-43.935126
4;-28.859489;-23.610004;-23.746162;76.215656
4;-2.034033;3.623828;-9.866110;8.276316
4;-33.678711;-9.902167;-46.649740;90.230622
1;79.669742;-38.992155;-20.659268;-20.018315
1;93.748365;-7.142675;-80.123064;-6.482621
1;21.503251;-24.135126;-5.090413;7.722288
4;14.982783;-62.261166;-13.842072;61.120455
2;4.881648;14.130781;-14.890669;-4.121759
4;-44.949395;56.987628;-70.777372;58.739141
2;-24.208559;75.846587;-24.430385;-27.207643
1;22.645304;-38.150311;-0.620406;16.125411
2;-8.433445;47.769956;-31.055962;-8.280546
1;78.865551;-27.619074;-22.669664;-28.576813
4;-23.551370;-23.706307;-23.459722;70.717397
4;-8.774567;0.534175;-17.527460;25.767852
1;122.883536;22.718247;-55.694921;-89.906867
4;-4.943494;-4.770889;-4.797452;14.511835
4;-18.901748;-18.913991;-18.889988;56.705727
4;-12.732951;-27.828628;-62.921896;103.483478
4;-24.769598;-24.870290;-25.341092;74.980979
1;11.961415;-6.196397;3.651829;-9.416847
4;-9.848259;-9.081034;-40.153059;59.082355
1;57.352931;18.826280;-24.529131;-51.650082
1;32.285646;-29.069399;-14.856973;11.640723
1;59.638603;-19.829752;-19.914372;-19.894479
1;23.669296;-3.509477;-16.582993;-3.576825
4;-7.256533;43.624398;-87.715771;51.347917
1;74.974671;-25.122164;-24.922695;-24.929812
4;-2.540019;-21.599849;-33.747693;57.887561
1;16.164294;-11.371312;-3.926950;-0.866033
4;4.548229;-8.314315;-12.389605;16.155690
1;24.751489;-8.249340;-8.258216;-8.243934
2;-24.867167;33.100609;-11.191486;2.958044
4;-55.511257;-21.512533;-41.910587;118.934381
2;-25.144961;74.958208;-24.902184;-24.911062
4;-15.544969;19.046779;-22.766635;19.264824
4;1.224346;9.876599;-24.121793;13.020848
1;37.573821;3.836938;-15.535403;-25.875357
4;-25.039360;-24.862894;-24.976244;74.878503
4;-3.067938;-16.545853;-21.431980;41.045768
4;-9.734955;7.620975;-24.805734;26.919709
4;-17.581781;-17.553014;-17.716582;52.851374
2;-12.620228;16.166387;-9.279164;5.733005
1;20.259308;-6.495257;-6.508432;-7.255617
4;-8.447494;-44.939629;-43.579733;96.966860
4;-34.370637;-31.234956;-17.146249;82.751843
4;-9.642973;-2.005864;-2.020442;13.669278
2;-24.867167;33.100609;-11.191486;2.958044
1;68.388915;-9.261232;-49.875383;-9.252294
4;-2.453779;-2.409178;-2.555442;7.418399
2;-12.491852;37.507209;-12.487040;-12.528316
4;-23.050834;-23.515415;-30.411706;76.977952
2;-10.516893;90.341000;-70.620172;-9.203934
1;3.201101;-0.354879;-0.967044;-1.879178
1;14.847916;0.363971;-9.709714;-5.502173
2;-2.052051;15.642100;-22.749197;9.159148
4;-16.595580;-19.176321;-47.539490;83.311390
3;0.069734;-7.114935;16.127060;-9.081860
1;160.423146;-44.809270;-55.997286;-59.616586
4;-30.244672;-56.032739;-7.982854;94.260264
1;84.410271;-14.956347;-54.864282;-14.589642
4;-4.433972;-3.847731;-6.530468;14.812172
4;-24.168629;-19.040683;-38.364509;81.573824
4;-7.643803;-9.209606;-7.609481;24.462890
2;-22.602760;67.519682;-22.382716;-22.534204
2;-15.813782;68.720646;-15.848734;-37.058126
4;-3.827602;-6.596422;-3.819171;14.243195
2;-25.305925;75.762652;-24.266857;-26.189867
2;-23.225973;53.004954;-30.328879;0.549898
4;-8.162520;-8.232683;-8.215022;24.610226
4;-25.299640;-24.764872;-24.976663;75.041177
4;-7.386748;-14.889287;-7.397152;29.673186
2;-28.999122;48.522268;-36.009280;16.486134
1;30.405513;-2.891057;-11.861989;-15.652466
1;77.614718;-31.928477;-23.075434;-22.610808
4;-24.834790;-24.853196;-24.823656;74.511644
4;-27.270187;-14.393734;-35.482158;77.146081
2;-7.796968;23.729421;-7.959740;-7.972711
2;-16.868629;74.473110;-37.011216;-20.593264
2;-44.850577;46.169765;-26.882840;25.563653
4;-63.592681;-1.032335;-50.233090;114.858108
1;31.364232;-6.704845;-50.729809;26.070425
2;-13.051747;63.116225;-9.983815;-40.080660
3;-44.422044;-18.848570;81.938523;-18.667912
2;-41.748815;76.775273;-19.707384;-15.319071
2;26.226787;26.776606;-25.317740;-27.685653
4;20.547076;1.599752;-47.972896;25.826068
2;-14.696640;44.125248;-14.728873;-14.699733
2;-14.467888;27.091452;-9.429652;-3.193913
2;-8.280312;43.870472;-9.236736;-26.353424
4;-13.832039;-7.046295;-33.469560;54.347892
2;0.749043;25.372257;-17.349450;-8.771851
4;-1.712469;-10.206504;-16.642594;28.561568
4;-18.494986;-17.906215;-25.130042;61.531241
4;5.763562;0.568212;-44.377502;38.045727
2;-32.669704;56.239283;-20.979798;-2.589780
1;111.493257;-28.647446;-89.339421;6.493609
2;0.749043;25.372257;-17.349450;-8.771851
2;1.729391;102.365902;-94.725841;-9.369452
4;5.461892;2.676174;-36.514579;28.376512
4;-58.938013;-16.086615;-67.432685;142.457317
3;-75.871959;-8.463598;91.940907;-7.605346
1;59.518777;-19.938203;-19.891131;-19.689441
2;-5.075292;10.734297;3.725710;-9.384715
4;1.998924;-9.682066;-1.683907;9.367050
1;30.995610;5.497179;-42.092294;5.599506
2;2.878517;26.189593;-31.307499;2.239391
2;-5.506860;8.100060;-8.871443;6.278243
4;-2.155776;-19.036564;-12.498521;33.690859
4;-7.386748;-14.889287;-7.397152;29.673186
2;-9.790840;90.160560;-38.576100;-41.793618
1;42.240545;39.663452;-19.367489;-62.536507
2;-19.286757;82.876726;-45.746279;-17.843690
1;74.767484;-24.957746;-24.899165;-24.910571
4;-19.254633;10.102512;-25.461929;34.614051
1;96.366991;-43.280113;-49.835078;-3.251800
4;-16.566246;-16.455327;-16.527698;49.549270
2;-13.257812;39.599737;-13.137978;-13.203947
4;-7.780179;-7.721012;-10.656823;26.158015
3;-31.672386;-29.793600;41.123034;20.342951
1;27.632041;-23.902033;-25.198065;21.468056
4;-25.323504;-24.889850;-24.933498;75.146849
1;2.786509;-1.072443;-1.600808;-0.113259
1;74.779219;-24.956132;-24.915948;-24.907139
4;-1.468124;-15.103695;-82.793785;99.365605
1;75.043988;-25.057757;-25.172791;-24.813441
4;-13.192204;-15.608887;-8.954728;37.755818
4;-100.347799;-6.715636;-44.600246;151.663681
4;-17.795477;-30.587239;-25.685759;74.068474
1;95.574437;-76.146793;-9.005553;-10.422090
2;-8.404595;5.984890;1.225152;1.194553
4;-15.998487;-19.569686;-48.501792;84.069968
4;0.073112;3.132214;-7.757657;4.552331
2;-22.882817;35.113539;-35.536116;23.305394
4;-4.020463;1.484799;-1.589817;4.125481
4;-21.540651;-21.695543;-35.471572;78.707766
4;-34.945595;36.682927;-52.393522;50.656194
2;-23.745944;76.092016;-28.600211;-23.745858
4;-16.619181;-15.716429;-12.033735;44.369345
4;-25.299640;-24.764872;-24.976663;75.041177
4;-7.546919;-59.418509;-62.866664;129.832091
3;-24.455538;-22.902149;70.283059;-22.925371
2;-16.902212;35.708891;-0.964071;-17.842606
4;-12.231812;-19.896354;-14.342372;46.470537
4;-4.950882;-3.801022;-21.690824;30.442728
4;-9.459204;-20.975951;-109.214733;139.649888
4;-44.853475;41.729847;-51.754121;54.877750
2;-23.233263;75.139529;-23.256721;-28.649543
1;36.953122;-30.343570;3.804872;-10.414425
4;-63.592681;-1.032335;-50.233090;114.858108
4;-3.032138;-1.048615;-14.250311;18.331065
3;-21.861617;0.556363;20.613588;0.691665
4;-26.503593;17.372351;-11.162870;20.294114
4;-25.030037;-25.095771;-24.904924;75.030733
4;-25.299640;-24.764872;-24.976663;75.041177
1;110.958649;11.530150;-34.329150;-88.159649
4;-21.046993;10.260853;-29.418814;40.204952
1;85.203344;-15.191729;-31.348708;-38.662907
4;-2.123438;-3.517762;-5.193922;10.835122
2;-32.030259;85.522765;-38.917753;-14.574750
4;-58.473281;-8.840077;-24.037922;91.351280
2;3.464383;12.398448;-6.801042;-9.061787
4;-24.981197;-24.450772;-26.386769;75.818737
2;-28.054970;38.858009;-18.469394;7.666355
2;-65.823765;151.121085;-44.083827;-41.213493
2;-7.716785;23.528189;-7.679612;-8.131792
4;-9.296372;-9.325820;-9.384546;28.006738
1;77.775023;-24.822975;-29.837845;-23.114202
1;119.336121;-82.455944;-51.044542;14.164365
4;-23.673892;-28.480737;-23.845993;76.000619
2;-27.607264;78.930698;-30.632710;-20.690724
1;82.727810;-47.962428;-17.215922;-17.549457
4;-15.932906;-12.614596;-27.966059;56.513560
4;10.750258;13.524880;-50.602478;26.327337
1;70.680709;-10.401510;-48.768984;-11.510211
3;-15.521268;-65.427805;90.275307;-9.326229
4;-7.587634;-2.180383;2.200806;7.567211
2;-0.899270;26.521657;-31.140328;5.517942
4;-15.011447;-42.926254;-18.599140;76.536841
4;-9.456275;-9.392101;-9.412915;28.261291
4;-13.328115;-6.622962;-52.198498;72.149576
4;-21.771392;-21.752714;-35.072548;78.596654
1;61.747297;28.284599;-19.938962;-70.092934
2;-42.642575;81.080734;-18.988477;-19.449682
2;11.988173;41.621653;-6.596282;-47.013546
4;-22.985722;-9.726684;-9.804205;42.516611
4;-23.346757;-29.882962;-23.483468;76.713184
2;0.021451;20.633438;0.107471;-20.762359
2;-23.233263;75.139529;-23.256721;-28.649543
4;1.079372;-18.982465;-1.994925;19.898018
4;-27.244039;-20.460835;-31.467662;79.172533
1;23.216880;1.695350;-15.401150;-9.511080
4;-18.961814;-0.942512;-26.979697;46.884022
1;74.964240;-25.117931;-25.106940;-24.739371
4;-4.301250;0.213407;-20.425595;24.513437
2;-7.564966;23.996623;-35.443958;19.012301
4;3.464920;-20.901079;-85.997819;103.433980
4;0.944953;-29.845548;-22.247236;51.147830
4;-23.515302;-23.479815;-23.444415;70.439534
4;-25.193914;-24.862222;-24.925747;74.981884
2;-10.260321;25.215690;-19.023525;4.068155
2;-19.390317;18.168876;3.051474;-1.830034
4;-25.049618;-24.894177;-25.252704;75.196499
4;-6.076491;-3.228142;-3.244821;12.549454
4;30.905200;-28.771289;-34.207416;32.073506
2;-7.778557;92.612288;-9.596379;-75.237354
4;-24.144292;-3.619284;-12.798015;40.561592
1;75.901994;-23.824846;-27.947726;-24.129421
1;79.203652;-21.681488;-24.034425;-33.487739
1;52.334535;-26.017605;-25.090441;-1.226488
3;-2.441924;-1.836218;6.175520;-1.897380
2;-15.261927;45.748639;-15.257824;-15.228888
2;-34.993223;80.164891;-25.326183;-19.845482
4;-33.921846;-8.316186;-8.365294;50.603327
1;36.511898;-23.677810;-13.287076;0.452988
4;-6.441027;-11.606579;-6.573214;24.620820
4;-10.292982;12.066847;-22.746799;20.972933
4;-16.359590;-31.582121;-35.830537;83.772250
4;-14.898763;-14.901159;-15.201187;45.001110
2;-7.141311;21.667275;-7.374852;-7.151113
1;77.904323;-21.018673;-31.844516;-25.041132
4;-14.089747;-12.880932;-13.028182;39.998862
4;-18.049539;-12.505067;-56.986525;87.541130
2;-19.648050;80.161312;-30.900247;-29.613013
4;-13.888045;8.516625;-34.240046;39.611467
1;41.673571;-9.216718;-74.036207;41.579360
4;-41.017831;20.537032;-33.121343;53.602141
1;79.203652;-21.681488;-24.034425;-33.487739
4;-1.303911;4.813830;-8.501467;4.991549
1;5.555556;-1.770901;-0.109716;-3.674939
2;-21.799556;30.076470;-3.888650;-4.388266
2;-3.139091;25.671073;-11.725619;-10.806364
1;8.534440;1.058287;-17.571246;7.978519
4;-34.848082;-33.378717;-16.293853;84.520654
2;-26.425716;23.338200;-15.616136;18.703653
4;-15.694434;-15.806491;-54.346204;85.847126
1;72.886398;-22.377791;-22.421301;-28.087306
4;-15.489925;-42.457343;-27.334777;85.282044
2;-20.148153;79.753109;-39.423378;-20.181577
2;5.968541;31.209561;-13.079051;-24.099051
4;6.283237;-2.069227;-17.894759;13.680749
2;-3.139091;25.671073;-11.725619;-10.806364
4;-10.380504;-34.040387;-44.418675;88.839568
4;-32.547201;-73.091879;-84.211272;189.850353
4;-16.423138;-16.180125;-22.971751;55.575015
4;-3.204527;-5.812819;-4.852031;13.869377
4;-13.256147;-13.306664;-13.366967;39.929778
1;110.370807;-32.373977;-87.218549;9.221719
4;-11.540112;-11.634802;-15.028247;38.203163
1;11.219912;-14.604248;-0.672470;4.056806
4;-24.963467;-24.839157;-25.552653;75.355275
4;-36.152073;26.259982;-33.796487;43.688579
4;-44.740647;-14.075286;-2.986504;61.802437
1;25.777037;-18.315999;-3.852111;-3.608927
2;-19.974180;81.332214;-42.947017;-18.411017
2;-24.493188;75.504405;-26.640942;-24.370263
4;-25.715137;-59.703803;-7.141158;92.560097
4;-26.395207;-24.477242;-24.501150;75.373601
1;24.172305;-1.536398;-21.126252;-1.509653
3;-24.550446;-25.283708;74.721789;-24.887632
4;-15.120079;-15.422382;-13.947673;44.490134
4;-13.757606;-13.752728;-13.761129;41.271463
1;37.624606;1.148056;-39.721138;0.948481
4;-21.950186;-28.413481;-27.119545;77.483211
2;-21.709938;78.049712;-34.311995;-22.027778
2;-20.970200;62.317279;-33.156089;-8.190989
2;-34.886426;78.241351;-21.614881;-21.740042
4;-79.056339;1.546650;-71.014888;148.524586
4;-19.735416;8.533134;-12.741790;23.944073
1;118.116118;-36.596079;-96.320749;14.800707
4;-17.757924;-47.158260;-17.411987;82.328172
1;32.032114;-10.645250;-10.661976;-10.724887
4;-10.198513;16.679552;-27.003152;20.522113
4;-24.158687;-24.190301;-24.209380;72.558369
2;0.949347;15.554813;-0.418163;-16.085997
4;19.315942;-41.609204;-0.562660;22.855922
2;-1.736091;24.344233;-21.191396;-1.416746
1;59.064315;-20.211401;-19.394425;-19.458489
2;-11.033574;58.729000;-64.964018;17.268596
2;1.235401;25.413804;-16.014287;-10.634916
4;-13.180336;-13.207378;-13.156959;39.544675
1;11.174354;-2.881397;-11.112083;2.819128
4;-16.599858;-15.599298;-15.623483;47.822642
4;-10.257144;8.681545;-13.509965;15.085567
4;-14.680716;-15.003811;-14.743777;44.428305
2;-18.927005;75.774476;-47.201649;-9.645820
4;-38.098334;-55.745441;-41.025958;134.869735
2;-40.377113;84.084092;-27.671551;-16.035422
2;-25.014089;74.919742;-24.792133;-25.113518
4;-15.760401;0.807087;-60.882992;75.836314
4;-40.727394;24.835965;-27.469391;43.360820
2;-11.597011;88.049655;-64.448426;-12.004218
2;-70.140967;88.506108;-43.757585;25.392452
2;-33.860160;82.666332;-33.641380;-15.164789
4;-22.318520;-17.446689;3.833181;35.932027
4;-22.548149;-9.632551;-9.640356;41.821057
4;-31.185462;-13.859677;-41.036371;86.081511
2;-2.014208;45.593582;-10.586998;-32.992370
4;8.199779;-13.046383;-6.447520;11.294124
4;-0.927417;-0.657567;-5.767899;7.352884
1;78.788202;-22.179041;-34.808365;-21.800792
2;-76.502067;86.198237;-51.963893;42.267730
4;-18.694459;-18.934933;-43.956712;81.586106
4;24.089332;-23.073188;-40.073587;39.057442
4;30.389673;-58.396086;-24.000134;52.006552
2;-5.708655;6.660132;1.133397;-2.084872
2;-16.384913;42.074453;-24.240797;-1.448741
4;13.257823;-90.479932;-30.420578;107.642689
4;-11.167059;-11.429963;-13.222965;35.819987
1;57.259978;-19.011287;-19.079129;-19.169561
4;-26.477305;-0.773129;-9.978258;37.228696
1;15.158372;-18.166353;-5.921319;8.929298
2;-20.303571;79.822829;-38.364732;-21.154518
4;-26.273933;-24.580075;-24.924026;75.778033
4;-19.053461;-34.266175;-19.019164;72.338803
1;7.482979;0.339021;3.992746;-11.814747
3;-2.159855;2.622199;3.174084;-3.636425
1;86.906045;-14.507787;-35.002036;-37.396221
4;-19.195844;-37.566406;-25.809265;82.571515
1;78.874603;-35.210752;-22.176599;-21.487248
4;-30.959242;-5.495773;-9.913755;46.368773
1;78.240473;-21.927830;-33.682465;-22.630176
4;-0.448372;-16.455449;-10.338808;27.242639
4;-33.416495;-17.969631;-30.730565;82.116692
4;-20.051526;-20.197044;-20.872308;61.120887
4;-22.833552;-23.059088;-48.576923;94.469562
1;17.241315;1.050619;-6.463361;-11.828573
2;1.467048;11.497738;-6.158119;-6.806668
4;-40.005966;-0.656049;-28.723279;69.385298
2;-24.899783;75.000296;-24.900064;-25.200448
1;35.762406;5.177370;-32.058565;-8.881206
4;-15.847929;-15.889767;-52.321959;84.059662
4;-12.604582;-42.178439;-34.288493;89.071525
1;2.835320;0.707553;-0.097456;-3.445416
2;-19.987881;79.968194;-40.585129;-19.395183
4;-18.593244;-43.947116;-18.646224;81.186585
4;2.226254;12.750697;-32.023413;17.046465
4;-26.985805;0.893816;-31.396102;57.488095
2;-45.117499;44.136624;-14.262557;15.243436
1;46.069204;-12.738140;-13.103775;-20.227290
4;-36.038889;15.440740;-11.760477;32.358629
4;-20.048813;-35.499154;-24.201889;79.749853
2;-39.739298;73.963963;-19.850446;-14.374217
4;-33.410325;-15.964741;-16.155622;65.530693
1;17.741415;-5.906827;-5.910102;-5.924484
1;74.990190;-24.982775;-25.073940;-24.933472
1;16.694155;11.084617;-34.408609;6.629836
2;-3.618382;11.057287;-3.742490;-3.696414
4;-4.178734;-17.267522;-10.440229;31.886485
4;7.836890;-21.928748;-18.576087;32.667947
1;71.491508;-22.411322;-32.650779;-16.429404
4;-34.456272;-13.167136;-43.409378;91.032788
4;21.939696;-35.848525;-36.245611;50.154442
1;6.244188;-9.783708;-2.512438;6.051962
2;-18.802524;35.206750;-37.683294;21.279072
2;5.780886;24.981163;-3.147940;-27.614109
4;-9.569237;-4.350194;-14.595382;28.514817
1;61.153793;-20.358731;-20.303338;-20.491724
4;-61.578427;-2.566400;-32.900027;97.044861
4;-110.694505;-126.159583;-61.568329;298.422430
4;-21.440652;-34.855348;-22.204739;78.500752
1;41.588204;-11.474776;-11.418204;-18.695225
4;25.279134;18.613898;-71.299906;27.406884
4;-26.895762;-10.274155;-10.735626;47.905544
1;37.412844;-26.674973;-13.142635;2.404766
4;-16.599858;-15.599298;-15.623483;47.822642
1;73.823348;-16.885614;-40.180581;-16.757150
4;-24.445282;-5.076952;-16.219143;45.741377
4;12.947927;-17.651437;-8.720895;13.424407
1;75.177262;-25.273874;-25.061234;-24.842153
3;-24.564984;-32.638181;41.930125;15.273047
4;-22.164742;-22.778660;-32.577036;77.520441
4;-61.578427;-2.566400;-32.900027;97.044861
4;-12.366794;-2.906649;-58.954147;74.227596
2;-4.861592;21.899915;-12.233724;-4.804598
2;-2.560894;7.697547;-2.590756;-2.545897
4;15.088719;-40.474881;-22.983146;48.369309
2;-5.708655;6.660132;1.133397;-2.084872
1;92.594347;-40.515318;-44.942606;-7.136415
1;19.857280;-2.017780;-5.127570;-12.711929
4;-25.715137;-59.703803;-7.141158;92.560097
2;15.577503;19.351730;-37.054825;2.125594
4;-24.805983;-24.825912;-25.063885;74.695780
4;-35.724921;11.473382;-14.621646;38.873191
4;-28.170090;-8.173116;-16.015181;52.358391
1;74.337101;-24.816751;-24.680824;-24.839527
4;-57.418109;-20.197116;-30.540548;108.155772
4;-16.127368;7.234154;-9.210017;18.103230
4;-24.431599;-26.198610;-24.729191;75.359402
2;-40.377113;84.084092;-27.671551;-16.035422
4;-44.174640;21.765960;-42.308219;64.716907
4;-25.120311;-24.978123;-24.848379;74.946813
1;77.829764;-23.517719;-22.679391;-31.632652
1;17.741415;-5.906827;-5.910102;-5.924484
4;-16.950221;-23.799215;-42.044527;82.793964
1;65.181744;-6.440833;-52.144480;-6.596426
3;-36.092580;41.092362;94.650400;-99.650175
4;-7.721259;-14.125852;7.628088;14.219024
4;-21.160818;3.050980;-5.166185;23.276024
2;-17.468965;66.520846;-14.877481;-34.174400
4;-49.430316;-15.160780;-47.391836;111.982936
4;-27.242967;-17.300305;-66.819349;111.362625
2;9.989736;27.352822;-22.742507;-14.600051
2;-8.111381;8.221529;-0.104899;-0.005249
4;31.457046;-78.076220;-2.090485;48.709661
2;-28.195001;20.974008;-9.171609;16.392602
2;0.891369;13.855470;-2.461276;-12.285563
2;41.423611;64.434204;-20.758422;-85.099394
1;119.256328;-66.342054;-49.949992;-2.964279
2;1.805768;29.762237;-15.292327;-16.275677
4;-19.072136;-5.017842;-43.233944;67.323936
4;-15.266825;-31.233054;-76.844696;123.344580
1;122.241616;-95.795432;-42.513670;16.067489
4;-23.965684;-24.011627;-23.826150;71.803465
2;-33.860160;82.666332;-33.641380;-15.164789
4;-24.775929;-24.760656;-25.154756;74.691343
2;-11.633188;34.492663;-17.633529;-5.225942
3;-68.629383;-11.591496;90.218376;-9.997494
2;-10.849319;33.831455;-8.865650;-14.116485
4;-34.456272;-13.167136;-43.409378;91.032788
1;21.437384;7.023651;-35.990597;7.529567
4;-20.772374;-21.019537;-20.782496;62.574407
4;-12.266805;1.665612;-30.511652;41.112849
2;-26.506570;87.401096;-48.204694;-12.689821
2;-24.912887;74.898233;-24.961904;-25.023441
1;122.382523;-63.517231;-78.064857;19.199570
1;10.835065;-9.506196;-7.438784;6.109916
1;77.306328;-16.856588;-42.612576;-17.837164
4;-21.351189;7.474583;-13.457778;27.334386
4;-15.359647;-15.254743;-16.220395;46.834783
2;-40.898096;58.935126;-14.678426;-3.358602
4;-17.084519;9.512863;-15.377602;22.949257
2;-16.753627;138.072208;-73.933452;-47.385122
2;21.608287;121.484648;-54.071373;-89.021560
4;-31.185462;-13.859677;-41.036371;86.081511
2;-24.538568;75.458910;-24.509043;-26.411298
4;-24.948078;-25.114952;-24.921474;74.984505
4;-25.120311;-24.978123;-24.848379;74.946813
2;-9.249637;91.544607;-44.174233;-38.120739
4;-9.584431;-36.654998;-43.958054;90.197488
1;74.942356;-25.235115;-24.917217;-24.790023
4;-19.351770;-19.468924;-41.418147;80.238842
1;39.063212;-17.289344;-5.653252;-16.120616
4;-14.149296;-26.615774;-14.403882;55.168951
2;0.721841;32.884223;-1.620690;-31.985371
1;69.558124;9.162895;-62.771311;-15.949708
4;-15.521725;9.726102;-44.224574;50.020208
2;-6.541703;10.393234;-7.676073;3.824542
4;-15.847929;-15.889767;-52.321959;84.059662
4;-22.495872;5.825488;-38.287806;54.958192
4;-17.404712;-40.309266;-25.291159;83.005138
4;5.847869;-3.188651;-14.040558;11.381341
4;-8.562861;1.410480;-2.789223;9.941605
1;16.821125;-17.710274;0.135852;0.753296
1;93.786820;-6.022840;-47.538608;-40.225368
4;-17.676117;-17.765014;12.994014;22.447117
4;-12.777326;-15.413740;-26.487914;54.678980
4;-11.634540;-4.748695;-3.624517;20.007749
2;-2.904860;19.271376;-2.925596;-13.440922
2;-9.572059;63.096910;-33.377720;-20.147129
4;-2.296941;-14.105888;-81.079947;97.482777
4;-98.933539;44.911734;-20.372053;74.393846
4;-109.872965;-32.548263;-32.863190;175.284410
4;-18.647643;-25.532009;-37.017567;81.197221
4;13.763226;-18.492972;-25.090386;29.820129
4;-23.544914;-21.906789;-32.245284;77.696983
4;-0.893146;20.876979;-43.147414;23.163579
2;-17.962831;54.344425;-18.383259;-17.998338
4;-1.974781;-22.107656;-46.022573;70.105010
1;75.356655;-24.954562;-25.912190;-24.489907
4;-25.088569;-25.025682;-24.929464;75.043713
4;-32.533532;-11.061995;-11.342647;54.938176
4;-7.900304;1.402876;-18.412924;24.910348
1;9.913987;-7.427400;-3.483604;0.997016
1;77.159516;-22.764974;-22.682883;-31.711666
4;-23.924381;-26.141411;-26.374768;76.440560
1;47.337311;3.975631;-31.182841;-20.130101
1;36.627843;-12.202639;-12.227328;-12.197876
2;-84.574022;126.701266;-68.669985;26.542733
1;11.810364;0.849107;-5.366407;-7.293064
4;-17.759063;-17.637770;-17.746478;53.143312
4;-9.577807;-10.992791;-31.617609;52.188202
1;74.885458;-25.027594;-25.014497;-24.843368
1;75.171183;-24.895007;-24.816733;-25.459449
4;-14.548051;-14.627614;-14.539718;43.715383
1;27.279511;-1.119788;-19.665152;-6.494571
4;1.340072;4.421231;-16.829774;11.068466
2;1.069838;7.246131;-1.307313;-7.008658
4;-46.946506;0.232181;-65.297937;112.012248
4;-24.206530;-24.139731;-24.264939;72.611198
2;-6.220541;21.333513;-8.895624;-6.217350
1;79.886069;-36.829431;-20.769905;-22.286731
4;-6.121510;-13.940467;-0.451853;20.513830
2;3.748630;105.031358;-101.920972;-6.859017
4;-64.092059;-15.463272;-64.478655;144.033981
1;45.724302;-36.190037;-7.959868;-1.574398
2;-12.417496;17.165725;-9.266630;4.518400
2;-24.540540;75.415650;-26.587386;-24.287723
2;-20.666843;48.468528;-49.765849;21.964161
2;-10.163490;31.777758;-11.960578;-9.653688
2;4.081828;104.364949;-112.139741;3.692946
4;-2.215473;3.392225;-44.769047;43.592293
2;1.948332;3.184136;-8.313241;3.180773
2;-8.031131;39.712088;-13.688201;-17.992757
1;90.290699;-34.185591;-46.497001;-9.608122
4;-10.465166;-10.327096;-10.377051;31.169310
4;-12.186589;-24.617202;-23.844677;60.648467
2;-23.945361;34.549175;-38.210563;27.606743
4;-24.925711;-24.995841;-24.981250;74.902803
4;0.608492;-37.545399;-46.939877;83.876779
4;-6.127315;3.567428;-43.365304;45.925186
1;75.087343;-25.222083;-24.964983;-24.900277
4;-10.989712;-15.881267;-11.444093;38.315071
1;38.311562;-8.510517;-8.588811;-21.212234
4;-21.924593;-9.871534;-9.954758;41.750885
2;-24.451666;23.995827;-4.877148;5.332983
4;-14.524786;-49.809485;-21.398463;85.732731
4;-15.442236;-53.314453;-15.448947;84.205636
4;-8.914635;-18.408889;10.139640;17.183884
4;4.323148;35.800396;-91.846703;51.723161
2;-9.881855;58.400702;-21.476292;-27.042553
2;-32.036889;51.120612;-30.095847;11.012123
4;-4.072444;0.444732;-5.618245;9.245955
4;-5.947298;-6.023819;-16.669536;28.640650
4;-23.480641;-23.451149;-23.699138;70.630927
1;54.602292;-16.469797;-16.504908;-21.627587
2;-6.204578;93.696493;-80.578661;-6.913261
2;-25.228746;75.151076;-24.954885;-24.967453
4;-23.087335;-30.897927;-23.010632;76.995890
4;-14.638860;-41.789385;-14.630662;71.058908
2;-14.444763;43.432817;-14.521415;-14.466640
4;-32.087782;7.630121;-24.585361;49.043022
4;-21.409200;-21.260381;-35.562628;78.232201
1;90.929599;-9.216605;-72.141103;-9.571891
4;-37.504788;-91.997761;-25.019917;154.522458
4;7.825497;-58.663227;-57.827477;108.665201
1;35.421242;-16.260806;-38.746528;19.586092
2;-15.344696;84.688722;-53.790728;-15.553302
1;93.805028;-30.363302;-56.758802;-6.682925
4;10.675858;-8.919713;-46.308118;44.551968
4;-17.248620;-17.237851;-25.437029;59.923499
1;138.701028;-85.138355;-88.152337;34.589660
1;95.172873;-4.509500;-60.013300;-30.650073
4;-8.374237;-7.897559;-7.751627;24.023422
1;80.740171;-85.400765;-36.756217;41.416809
2;-24.794777;75.158028;-25.321433;-25.041817
4;-23.708830;-27.596770;-24.983308;76.288907
1;75.624398;-28.156134;-23.724831;-23.743433
4;-11.838480;-11.812570;-11.843310;35.494360
4;-20.283713;-10.166443;-11.170929;41.621085
2;-24.398191;75.455044;-24.580158;-26.476695
2;-24.152885;76.194487;-23.834130;-28.207472
4;-16.749348;16.701253;-30.362826;30.410918
4;9.320271;-14.872134;-51.711878;57.263742
4;0.445879;-53.034375;-47.645116;100.233612
2;-16.488469;49.439161;-16.502109;-16.448582
1;116.195159;15.972444;-55.114937;-77.052669
4;-21.493220;-20.351188;-21.366093;63.210500
4;-33.171597;-18.743307;-29.377008;81.291910
2;40.686073;64.968371;-22.251809;-83.402634
4;-23.493010;-29.422287;-23.524670;76.439964
4;-1.072138;2.358963;-34.594986;33.308161
1;22.922404;-7.609883;-7.673430;-7.639091
4;-34.130182;-21.654194;-21.738565;77.522936
1;75.171183;-24.895007;-24.816733;-25.459449
2;-20.400232;79.370875;-38.031405;-20.939238
4;12.626968;-21.716739;-26.379240;35.469009
4;2.223811;-2.197293;-2.546676;2.520158
1;90.290699;-34.185591;-46.497001;-9.608122
4;-29.401813;-5.360187;-57.103638;91.865633
4;-25.088569;-25.025682;-24.929464;75.043713
2;-23.256579;70.189180;-23.421512;-23.511089
2;-40.698849;71.835968;-17.113305;-14.023813
4;-60.802583;20.765346;-45.285708;85.322944
1;15.163336;1.824103;-10.338873;-6.648567
4;-98.933539;44.911734;-20.372053;74.393846
2;-25.031412;75.498554;-25.323405;-25.143738
2;-24.914025;75.011345;-25.035699;-25.061620
4;-38.110530;-19.771853;-22.504428;80.386803
4;-29.339221;-17.853723;-34.743298;81.936242
1;34.081490;-12.842393;-5.070589;-16.168509
2;-10.163490;31.777758;-11.960578;-9.653688
4;-38.374504;-34.587870;-22.198413;95.160787
1;25.963935;-22.632458;-12.733789;9.402312
1;108.035930;-55.376085;-60.066397;7.406545
4;-22.713018;-29.127028;-25.399728;77.239774
1;80.353156;-39.564613;-21.299232;-19.489310
1;77.342166;-22.491084;-32.256575;-22.594508
4;1.383880;-25.397911;-10.205523;34.219554
4;-13.949576;-35.056239;-13.850523;62.856335
4;1.383880;-25.397911;-10.205523;34.219554
4;30.597993;-33.150607;-75.991246;78.543851
1;0.000000;0.000000;0.000000;0.000000
2;-14.879731;40.118698;-22.828136;-2.410831
4;-21.409200;-21.260381;-35.562628;78.232201
2;-2.943477;30.398657;-11.167460;-16.287725
4;-1.160270;-11.617026;2.146870;10.630426
1;69.173833;-28.192438;-33.163312;-7.818086
1;19.434744;-2.063675;-17.759322;0.388253
4;-15.747986;11.117030;-32.380533;37.011487
2;-22.085856;64.979697;-21.492593;-21.401248
4;-22.682235;-22.688790;-22.535233;67.906256
4;-8.524701;-10.478830;1.601767;17.401764
4;-21.924593;-6.793365;-6.809777;35.527734
2;-43.478319;80.853845;-18.545417;-18.830112
4;-14.874207;-18.781672;-12.825875;46.481750
2;-5.137279;15.699444;-5.443787;-5.118382
1;15.409282;-10.845496;-18.987951;14.424165
4;-28.793837;-21.558035;-21.406774;71.758645
1;10.940808;-15.337632;7.990815;-3.593992
4;1.567449;13.904745;-64.167693;48.695498
1;85.570508;-14.534551;-55.762426;-15.273538
4;16.632611;-52.288628;-12.853147;48.509164
4;5.701618;-26.834038;-85.235966;106.368376
4;-17.676117;-17.765014;12.994014;22.447117
4;-14.178570;-5.806350;-35.106056;55.090977
1;87.593558;-31.460303;-43.044545;-13.088715
2;-57.345947;93.038338;-28.681208;-7.011185
4;-41.148636;32.440285;-25.416466;34.124818
4;-6.127315;3.567428;-43.365304;45.925186
4;-30.555411;-4.947783;-32.834458;68.337652
2;-16.609819;54.531655;-16.631417;-21.290418
4;1.826506;-21.434258;-15.334825;34.942570
2;-8.650430;23.655737;-4.077511;-10.927795
4;18.873059;-28.852053;-34.668839;44.647830
1;21.470727;-3.553069;-10.619488;-7.298169
4;-17.016374;-24.375471;-42.378241;83.770086
4;-21.263829;-15.078976;-49.193323;85.536126
2;-25.077360;75.085210;-25.022362;-24.985488
4;-27.465599;-15.597266;-59.884455;102.947313
4;-24.837818;-8.614909;-8.821730;42.274454
4;1.900723;-10.570201;-16.653194;25.322671
2;-20.701430;64.544428;-20.703514;-23.139481
2;-25.407405;74.956029;-24.821278;-24.727345
4;-10.510146;-10.547215;-10.543135;31.600496
4;-24.867852;-24.976313;-25.078972;74.923135
4;-9.657963;-9.588263;-0.619421;19.865647
1;17.201912;3.440417;3.347967;-23.990295
4;-21.557989;-21.494740;-21.803674;64.856399
1;84.697884;-17.019333;-52.408844;-15.269712
2;-0.333763;9.538309;-1.005375;-8.199171
4;-30.544198;4.320498;-23.197110;49.420808
2;-12.593204;58.630586;-12.590053;-33.447329
4;-7.333816;-7.424793;-7.366443;22.125053
4;-38.374504;-34.587870;-22.198413;95.160787
2;-4.806607;18.520682;-25.616526;11.902451
4;-34.130182;-21.654194;-21.738565;77.522936
4;2.973258;-16.685441;-83.254982;96.967162
1;33.461399;-13.889835;-8.025617;-11.545948
4;-41.351668;1.690927;-61.939562;101.600304
4;-9.505896;-8.451125;-4.639310;22.596331
2;3.662314;26.681510;-37.788826;7.444998
4;-24.609843;-24.562434;-26.094589;75.266864
1;69.061400;-22.970504;-23.030858;-23.060038
4;-5.232767;5.085132;-17.433273;17.580908
2;-4.131016;32.429491;-4.174189;-24.124286
2;-11.539783;36.259372;-7.199089;-17.520500
4;-23.053737;-37.706706;-5.467265;66.227707
1;10.253524;5.487278;1.339368;-17.080171
1;77.652833;-22.004780;-22.353064;-33.294991
4;-11.221108;-93.884342;-49.383490;154.488940
2;-7.543059;15.452065;-8.404759;0.495754
4;-28.780926;-20.404141;-20.591364;69.776430
1;20.793092;-19.010726;-13.883705;12.101340
2;-32.892306;77.619499;-22.448162;-22.279032
2;-2.533744;40.601338;-3.977400;-34.090195
1;86.983756;-56.467613;-16.761704;-13.754440
4;-19.816221;-37.445734;-19.803200;77.065155
2;-3.066955;3.806600;-2.188066;1.448420
4;-26.039034;-12.133675;-12.018221;50.190928
1;104.212456;-18.924680;-42.188838;-43.098936
2;-25.198445;43.663005;-10.858642;-7.605919
4;-30.041718;20.304361;-37.700679;47.438032
3;-6.623327;-17.004221;16.238144;7.389405
1;24.817982;7.422260;-4.049420;-28.190822
1;38.607743;-27.194903;-32.763135;21.350294
1;43.005418;-12.039814;-12.045579;-18.920025
2;13.500098;14.169731;-2.904008;-24.765821
4;-19.406115;13.129999;-10.687954;16.964070
1;22.975945;-7.246323;-11.707127;-4.022493
4;-15.496831;-15.468083;-15.454603;46.419517
4;-11.618331;-13.294303;-20.575473;45.488106
1;30.488389;-2.361854;-17.470370;-10.656165
4;-9.553532;-9.693160;-22.361645;41.608336
4;0.069895;-24.845935;-18.337133;43.113174
1;38.150474;-8.503210;-8.638942;-21.008323
4;-23.198700;-28.640440;-23.203684;75.042825
1;45.921246;9.998099;-36.651620;-19.267727
1;75.923104;-24.304186;-27.497849;-24.121073
4;-19.817115;-16.461647;7.297670;28.981092
3;-1.239064;-33.938739;21.559704;13.618099
1;67.280209;-22.514818;-22.331016;-22.434375
1;7.372293;-2.219703;-10.036253;4.883664
4;-18.715643;-18.726314;-43.869242;81.311199
2;6.168610;40.443455;-15.174262;-31.437804
2;-11.539783;36.259372;-7.199089;-17.520500
4;-11.607201;-12.473761;-64.712690;88.793649
3;-29.660096;-19.268469;68.142525;-19.213958
2;-16.847655;37.077595;-14.557536;-5.672408
2;-23.158374;69.433713;-23.063961;-23.211379
1;25.976029;-20.119034;-8.139957;2.282961
2;-75.600747;123.353055;-71.801338;24.049025
4;-17.569064;-10.713267;-10.714783;38.997113
4;-18.668310;-21.055251;-18.655844;58.379406
1;25.749565;-15.014765;-24.132273;13.397470
4;0.904709;-5.537966;-20.369227;25.002483
2;-22.329738;53.110522;-22.615584;-8.165199
2;-24.909383;74.874927;-25.034853;-24.930691
4;-17.931902;-17.557800;-46.865770;82.355472
3;-41.829650;-2.806933;46.797907;-2.161321
1;43.636101;-16.052470;-34.749674;7.166041
2;0.779266;1.685980;-2.028499;-0.436747
4;-43.503887;6.136704;-69.902017;107.269193
2;-8.698807;19.086648;-16.469288;6.081446
2;-23.837739;76.537101;-29.546531;-23.152835
4;-23.102984;-7.562045;-12.734872;43.399900
4;-21.632460;11.372072;-14.359265;24.619656
2;-11.539783;36.259372;-7.199089;-17.520500
4;-13.493757;-5.415616;-21.062698;39.972071
2;-19.453738;58.575309;-19.542029;-19.579543
4;-19.340474;-19.258362;-26.079978;64.678813
1;77.119573;-22.962150;-31.089575;-23.067847
4;-6.593672;-6.610603;-6.853056;20.057330
1;14.153775;7.692305;-29.580112;7.734033
4;-24.943320;-25.017935;-25.149015;75.110268
1;79.999531;-19.925191;-23.566335;-36.508003
2;-6.722456;24.986594;-8.936513;-9.327626
4;-0.791145;-19.086339;-15.998195;35.875680
1;121.353120;-38.581083;-101.249809;18.477775
4;2.724537;-4.799359;-100.844933;102.919754
4;-22.782417;-20.368654;-36.696070;79.847138
4;-12.436123;-12.627535;-12.569246;37.632904
4;-12.496317;-15.177390;-12.534059;40.207766
4;-67.666745;-2.961814;-44.389761;115.018321
4;-20.486674;-20.659327;-38.583759;79.729759
4;-9.023048;-10.364393;-27.872125;47.259568
2;-49.259035;65.072412;-47.710010;31.896629
4;2.318779;-7.039156;-1.140494;5.860871
4;-10.378416;-4.411062;-22.068074;36.857549
4;-18.587605;27.223559;-49.761461;41.125504
2;3.298685;22.360877;-29.247456;3.587894
4;-31.201209;-7.892616;-16.628924;55.722747
4;-28.878831;41.169165;-104.932781;92.642441
4;-22.227740;-33.334923;-22.275293;77.837955
4;-13.068332;5.785719;-15.631650;22.914264
4;-25.926594;-14.038756;-14.216322;54.181670
4;-93.138805;5.229294;-124.289520;212.199029
1;38.277088;14.920996;-32.104378;-21.093709
4;-1.618896;-7.987956;-25.668244;35.275095
4;-27.954792;11.162066;-14.489161;31.281886
4;-16.063514;-3.285796;-11.180949;30.530258
4;-43.195596;-3.037213;-50.720022;96.952829
2;-36.242284;83.801035;-31.277093;-16.281663
1;79.940875;-20.247851;-20.388115;-39.304909
2;4.204176;16.390108;-19.353401;-1.240883
1;92.812103;-7.590229;-78.040793;-7.181083
4;-25.685663;-20.576502;-33.218207;79.480369
4;-25.685663;-20.576502;-33.218207;79.480369
4;-18.497132;0.764243;-21.317459;39.050345
4;-15.609352;-15.467574;-18.832049;49.908975
4;-23.603046;-28.157347;-24.937575;76.697969
1;79.828531;-36.553440;-23.364318;-19.910775
4;-70.163207;-15.296705;-72.452466;157.912372
2;-12.588469;37.859513;-12.605258;-12.665786
4;48.435348;-21.427346;-94.899307;67.891302
4;-23.268708;-22.235879;-32.813406;78.317990
4;-16.212205;-16.040828;-51.090006;83.343033
1;75.018128;-25.122894;-25.066151;-24.829084
4;-0.184274;13.202988;-47.026798;34.008085
4;-9.940579;25.874925;-50.508533;34.574181
3;-2.214822;-4.689925;9.120358;-2.215611
4;21.445025;-12.855618;-42.628390;34.038984
2;-41.804285;44.161653;-16.807698;14.450327
4;-5.817785;-6.409838;-7.458361;19.685983
2;-7.753514;23.284756;-7.788762;-7.742480
1;77.141267;-22.723098;-31.577805;-22.840364
2;-17.936751;82.106910;-46.508502;-17.661657
4;-24.899299;-25.057260;-25.051240;75.007799
4;9.807944;3.375669;-23.931778;10.748166
4;-7.584004;-7.581786;-10.875004;26.040793
4;-1.267778;-3.550482;-22.135456;26.953714
4;-20.747273;-37.648665;-20.690402;79.086339
2;-49.259035;65.072412;-47.710010;31.896629
4;0.196743;-8.067674;-11.563127;19.434058
4;-11.425644;-11.416131;-11.454940;34.296715
2;-38.847693;53.851475;-22.570688;7.566906
4;-24.590340;-25.545531;-25.123278;75.259148
4;-8.651623;-8.705935;-8.710004;26.067563
4;-8.651623;-8.705935;-8.710004;26.067563
1;76.208061;6.927144;-68.462491;-14.672717
1;30.488389;-2.361854;-17.470370;-10.656165
4;-0.950937;-15.055525;-8.143887;24.150348
4;-12.421052;-22.827091;-10.537987;45.786130
2;-19.540809;84.789959;-50.530643;-14.718509
4;-42.192288;4.715726;-59.674790;97.151345
4;-84.315455;-142.523873;-54.305014;281.144338
4;-30.533445;-22.172454;-27.352011;80.057909
1;30.488389;-2.361854;-17.470370;-10.656165
2;-22.072462;74.182737;-57.462940;5.352662
4;-20.605975;-18.864358;-18.742371;58.212703
1;46.256409;-26.893921;-21.590971;2.228482
4;-4.337565;-15.991936;-14.368734;34.698236
4;-24.961768;-25.182569;-24.913795;75.058133
2;-14.341191;85.926786;-57.308981;-14.276618
2;-11.707170;34.975981;-11.665270;-11.603542
1;38.277088;14.920996;-32.104378;-21.093709
4;1.805108;7.168907;-18.845776;9.871759
4;-43.484348;-5.110095;-46.301563;94.896004
4;-27.134412;17.742037;-54.075579;63.467952
1;13.450865;-16.654268;-8.867372;12.070774
4;-26.095449;-11.461643;-31.757643;69.314731
4;-28.878831;41.169165;-104.932781;92.642441
4;-16.192132;17.224266;-22.539928;21.507795
2;-12.276017;22.824766;-5.384529;-5.164220
1;26.311882;-6.836343;-13.772211;-5.703330
4;-25.050426;-25.128519;-24.883000;75.061939
2;-10.118352;90.656386;-70.619113;-9.918923
2;-8.875790;27.594048;-10.770794;-7.947463
4;11.823284;-5.332038;-32.984359;26.493115
4;-17.658453;-27.283199;-17.670431;62.612082
1;100.263779;-56.171248;-44.402116;0.309585
1;68.385467;-22.688126;-22.859153;-22.838188
4;-11.607201;-12.473761;-64.712690;88.793649
4;-14.833235;-14.891161;-14.903992;44.628391
2;-25.087338;74.895118;-24.968542;-24.839240
1;76.208061;6.927144;-68.462491;-14.672717
2;-19.965489;79.191733;-39.345720;-19.880522
4;2.828770;-4.096451;-24.816019;26.083699
4;-20.605975;-18.864358;-18.742371;58.212703
1;37.218672;-24.678437;1.599172;-14.139407
2;-2.588680;15.775595;0.124970;-13.311885
2;-48.487370;37.100451;-10.322284;21.709204
1;117.103639;16.233102;-89.075871;-44.260874
4;-21.678202;-9.892894;-9.896386;41.467481
4;14.141391;-10.379105;-40.147207;36.384919
4;-7.128307;-21.485958;7.791986;20.822279
2;-22.135045;66.532831;-22.282797;-22.114990
1;63.896281;-21.265737;-21.189160;-21.441386
1;12.773656;-12.311132;-2.097400;1.634877
4;-22.782417;-20.368654;-36.696070;79.847138
2;-21.959915;34.638220;-2.400799;-10.277506
1;35.908041;-11.927215;-11.971488;-12.009335
2;7.448953;13.995932;-32.627992;11.183107
4;-51.312080;-3.284561;-42.503075;97.099716
4;-16.433557;-20.305958;-7.435130;44.174646
2;3.465566;103.370133;-108.226568;1.390865
4;-44.078803;0.043543;-59.154792;103.190047
4;-3.162900;-8.832657;-20.796753;32.792309
2;-5.515731;36.793993;-12.935544;-18.342719
4;-34.715701;-15.850642;-55.453098;106.019442
2;-2.039878;4.178430;-1.434518;-0.704033
4;-30.010095;-13.397046;-43.180560;86.587701
4;-18.837451;-17.430022;-46.696840;82.964313
2;7.448953;13.995932;-32.627992;11.183107
4;-23.789330;-25.399613;-24.116389;73.305331
4;-42.147349;-5.465652;-16.795320;64.408318
4;-12.388613;-14.913123;-28.597978;55.899718
2;-11.600250;88.119367;-33.325681;-43.193430
1;17.585825;-25.077622;-3.903230;11.395029
1;69.486215;-15.458814;-38.561901;-15.465495
3;-55.187727;-18.856820;87.064334;-13.019781
1;7.956737;-0.548486;-12.739998;5.331748
4;-9.392688;-46.573831;-40.375023;96.341541
1;43.128419;30.162286;-2.611602;-70.679100
1;24.674036;-5.991228;-18.111492;-0.571313
2;16.076290;55.641581;-60.414370;-11.303498
1;75.294625;-28.760061;-23.305946;-23.228617
4;-2.144922;-19.418421;-20.511614;42.074959
4;-2.199654;-32.070853;-63.754380;98.024891
2;-12.670328;87.543264;-62.266455;-12.606483
1;75.077981;-23.481207;-28.008300;-23.588473
4;-10.492091;-56.619413;-22.345807;89.457312
1;54.791062;0.414032;-68.058823;12.853735
4;-27.800056;-24.062166;-24.074387;75.936608
4;-51.739118;-2.377703;-43.638616;97.755438
2;-18.763388;57.664525;-20.102695;-18.798440
1;55.465795;-5.473321;-31.590755;-18.401718
4;-24.869404;-24.905093;-25.046283;74.820782
2;-21.874888;78.605590;-25.416010;-31.314693
4;-29.544652;-23.409458;-23.458371;76.412480
4;-3.631830;-9.150876;-13.389253;26.171958
4;-2.937489;-9.406246;-15.575377;27.919114
4;-17.377747;-17.724908;-17.472296;52.574951
1;75.633462;-25.831860;-25.172603;-24.629000
4;-30.435958;-23.088426;-23.405014;76.929401
1;28.838451;-23.072325;-3.717696;-2.048431
1;45.441447;-15.221350;-15.126255;-15.093839
2;19.863232;89.290171;-64.073756;-45.079645
2;-21.946913;65.862412;-21.927591;-21.987906
4;-13.455364;-13.255953;-27.601914;54.313231
3;-4.070388;-15.078229;22.876369;-3.727752
4;-25.546527;-24.137593;-26.096892;75.781015
4;-20.540294;-20.538622;-21.166028;62.244946
4;8.331955;6.545970;-34.044065;19.166141
2;5.879024;12.558596;-26.031776;7.594157
1;85.860732;-13.688272;-46.069705;-26.102752
2;-27.409755;31.493719;-29.130274;25.046310
4;-23.691180;-16.910065;-29.782672;70.383917
1;104.852600;-68.069431;-84.768585;47.985423
4;-30.545939;-8.992554;-9.010548;48.549039
4;-17.726086;-5.971121;0.972469;22.724738
4;-33.480837;-46.727028;-10.078967;90.286831
4;-3.631830;-9.150876;-13.389253;26.171958
4;7.965277;-16.358444;-21.627300;30.020467
4;-27.920731;-20.277773;-20.562979;68.761484
2;-39.297851;85.643459;-32.157999;-14.187604
4;-6.094477;-6.106281;-11.927073;24.127834
4;-51.331714;9.662886;-18.592970;60.261798
1;44.745244;-11.575239;-16.681810;-16.488194
4;-24.802081;-25.033978;-25.232907;75.068966
1;5.555556;-1.848163;-1.856273;-1.851119
4;-6.662160;-191.225057;-61.203943;259.091158
4;-19.940544;-19.959584;-22.424373;62.324502
4;-60.167961;-0.381832;-24.172784;84.722575
4;-14.160360;-13.309427;-59.295657;86.765445
4;-93.153737;74.699680;-65.455567;83.909621
4;7.728907;-45.494452;0.148131;37.617413
2;-8.009027;54.106558;-12.638784;-33.458751
2;-6.850278;99.134681;-39.494977;-52.789424
4;-16.489282;-16.545821;-16.727137;49.762239
4;-2.601488;0.830279;0.446795;1.324415
2;1.651614;7.007085;-1.794250;-6.864450
4;-36.158700;-8.384184;-29.673772;74.216656
2;-8.385416;25.059517;-8.332225;-8.341876
4;0.099452;-1.136200;-2.439808;3.476555
4;-32.195975;-24.621450;-22.561445;79.378875
2;-26.499851;85.363562;-15.034419;-43.829290
1;76.094751;-23.444421;-23.745297;-28.905031
4;-14.382225;-14.284094;-57.463517;86.129839
4;-23.157016;-25.460082;-15.013806;63.630906
4;-10.043492;-9.855212;-12.583785;32.482491
4;-26.325342;-24.685659;-24.502117;75.513119
4;16.344344;-8.995910;-31.420004;24.071569
2;-25.466510;75.018961;-25.006868;-24.545580
4;-4.540008;5.620103;-13.275136;12.195042
2;-7.706892;9.393308;-3.979089;2.292672
1;50.160712;-23.561807;-22.503005;-4.095898
2;-15.032890;85.239143;-55.826032;-14.380213
2;-6.999429;21.176013;-7.227629;-6.948952
2;-23.343259;38.560620;-18.580279;3.362918
2;13.140739;113.805116;-49.894560;-77.051292
4;-3.094263;-61.198997;-1.637383;65.930645
4;9.168232;-10.902279;-57.242264;58.976320
2;-7.655416;50.077556;-10.376619;-32.045525
4;26.774520;3.561378;-69.193753;38.857852
1;42.543994;-36.417068;-18.151775;12.024852
1;89.802035;-10.069785;-69.253717;-10.478529
4;-27.711190;-20.606320;-31.241774;79.559283
2;-20.001154;79.929381;-40.089065;-19.839166
4;7.307041;-3.274464;-56.419773;52.387197
4;-10.663889;20.238472;-52.681653;43.107073
1;92.026030;-65.246115;-18.349136;-8.430776
4;-21.590834;-26.600683;-30.787650;78.979166
4;-18.883285;-18.876669;-18.836737;56.596693
4;-21.270305;1.320708;-31.274418;51.224013
4;-20.165029;-20.351645;-39.271676;79.788352
4;-43.901459;-28.041195;-30.310330;102.252987
4;-42.423387;-17.436223;-17.054565;76.914177
2;-10.780788;10.137982;0.111750;0.531056
4;-56.615770;2.345113;-49.548288;103.818943
4;-93.153737;74.699680;-65.455567;83.909621
1;28.608318;25.042066;-41.720377;-11.930002
2;-23.639671;78.439018;-32.952523;-21.846830
4;-1.837045;-5.512310;-43.157606;50.506960
4;2.648804;-52.046519;-53.539284;102.936999
4;-23.447904;-29.692991;-23.436309;76.577205
4;-15.551594;1.511837;-14.250609;28.290365
1;14.063121;1.261463;-25.403426;10.078847
4;-8.049835;-7.877909;-18.928886;34.856631
2;-11.525128;47.066825;-12.461562;-23.080134
4;-17.726086;-5.971121;0.972469;22.724738
4;-63.906990;13.009739;-47.664880;98.562130
2;-19.560032;79.918465;-41.116044;-19.242387
4;-30.463085;-1.003620;-26.165423;57.632129
4;-24.219725;-24.338095;-24.467795;73.025615
4;-49.931696;23.599111;-97.641104;123.973694
1;12.088436;-7.663280;-8.973822;4.548669
1;54.343686;-16.395014;-16.379093;-21.569579
1;15.691534;-3.820143;-0.073496;-11.797893
4;-35.249273;-21.662282;-21.414809;78.326365
2;-2.097086;6.765041;-2.554814;-2.113141
4;-31.777310;-18.778990;-31.272010;81.828307
4;-14.142189;-15.775887;-14.415407;44.333482
4;-35.474255;20.192704;-38.879923;54.161472
4;-31.444560;11.826502;0.758563;18.859496
4;-16.604302;-23.608850;-43.302370;83.515519
2;-24.348838;75.501471;-24.403172;-26.749460
2;-7.438607;41.944527;-8.538067;-25.967851
4;-24.636077;-25.752253;-25.070037;75.458371
1;75.053299;-24.866226;-25.237873;-24.949199
4;-27.519810;-8.447839;-25.389608;61.357258
4;2.702710;-8.037002;-15.653810;20.988101
4;-14.178402;-29.013701;-48.817564;92.009674
4;-22.120788;8.774818;-18.366708;31.712679
1;13.722488;-7.295910;-18.519444;12.092867
1;49.256187;25.317369;-30.446205;-44.127346
2;-24.811979;74.859811;-25.064449;-24.983384
1;29.939784;0.705503;-32.107622;1.462336
1;130.498667;-56.224399;-94.031144;19.756888
4;-56.344743;-7.848852;-48.474866;112.668469
1;111.820362;-81.456590;-38.601785;8.238014
2;-23.343259;38.560620;-18.580279;3.362918
1;53.907910;-20.851114;-16.560871;-16.495925
4;-18.516659;-18.277899;-31.442769;68.237332
2;-27.681754;116.919579;-32.730340;-56.507487
4;-22.117786;29.427235;-90.256764;82.947316
2;-3.814539;18.826977;-13.026529;-1.985909
1;94.841926;-5.193896;-83.420524;-6.227501
4;-41.595331;-33.189970;-10.850321;85.635626
1;74.747246;-24.940721;-25.004177;-24.802349
2;-8.833154;26.404385;-8.787491;-8.783740
1;26.394991;23.492313;-23.955444;-25.931859
4;0.099452;-1.136200;-2.439808;3.476555
4;9.168232;-10.902279;-57.242264;58.976320
4;-15.238831;-54.367618;-15.207955;84.814407
4;-22.353583;-22.344823;-33.028755;77.727164
2;-22.278220;77.387519;-32.432747;-22.676554
4;-29.807731;-14.932457;-14.859120;59.599308
3;-18.343609;-67.448227;93.339615;-7.547780
4;-18.188662;-18.005749;-18.121889;54.316301
1;95.307514;29.977674;-38.737354;-86.547833
4;-8.563046;-19.662710;-22.636334;50.862087
2;-24.746472;72.086335;-23.761851;-23.578009
2;-16.150841;48.841831;-16.228610;-16.462380
1;30.756239;-8.685531;-13.760670;-8.310038
4;-17.941021;-17.979404;-19.116089;55.036515
4;-28.817218;-13.292703;-20.383346;62.493267
2;-13.735805;7.402563;3.594617;2.738624
1;74.324293;-24.827474;-24.755767;-24.741050
2;-24.533544;75.854737;-27.155988;-24.165200
4;-1.275678;-36.100221;-28.496487;65.872385
2;-6.646075;26.082641;-12.610725;-6.825839
4;-38.266717;-3.085366;-14.504029;55.856111
2;-48.817241;87.118672;-35.020386;-3.281045
4;-11.591885;-11.635123;-11.650475;34.877483
4;-29.539357;4.796966;-24.020815;48.763205
4;8.427920;-9.829705;-29.095993;30.497779
4;-11.202775;-11.140750;-11.315363;33.658889
4;-63.134911;-5.831807;-44.263668;113.230386
2;-41.897472;38.811967;-15.509595;18.595099
4;-16.822686;-16.242993;-50.875719;83.941398
4;-12.079652;-11.988053;-14.743821;38.811528
1;93.995043;-37.817321;-49.446075;-6.731644
4;-37.715346;2.013275;-31.474744;67.176814
2;-20.209915;60.723938;-20.366567;-20.147454
4;-21.849262;0.353748;-8.806180;30.301693
1;35.806091;-21.234688;-29.700203;15.128802
4;-6.812056;-6.822207;-7.103827;20.738092
4;-16.241600;-30.433661;-37.145992;83.821256
4;16.991738;-33.609089;-69.494664;86.112019
4;-23.177031;-29.389981;-23.168728;75.735740
1;41.526633;0.179936;-25.452954;-16.253611
4;-2.174020;-22.493246;-73.268467;97.935733
3;-25.009612;-24.760647;74.686072;-24.915812
4;-25.055442;-25.014308;-24.920154;74.989906
4;-23.704789;-41.468056;-29.720097;94.892943
2;1.574843;106.057371;-67.212372;-40.419837
4;-19.028030;-18.145420;-25.040488;62.213930
4;-3.915319;-12.481604;-4.552369;20.949292
4;-45.207381;-18.570092;-18.339875;82.117346
4;-2.759579;-14.330199;-16.250115;33.339893
4;-3.032117;-11.829284;-2.994275;17.855677
2;-9.698747;65.395018;-44.801886;-10.894380
1;130.138666;-42.983286;-117.948866;30.793484
2;-15.741460;11.257601;-0.876692;5.360551
4;-23.879463;-22.968261;-24.361815;71.209539
2;-53.977377;76.030655;-38.564155;16.510883
4;-51.784598;33.278855;-26.888340;45.394084
4;1.318360;-4.461067;-19.187724;22.330434
4;-24.670406;-26.162960;-24.565664;75.399029
4;-23.553439;2.200506;-3.596669;24.949602
4;-34.231113;-15.349550;-15.494662;65.075320
2;-4.182633;10.661119;-4.774366;-1.704119
4;-32.766576;-14.990810;-42.836766;90.594153
4;-29.012542;-23.621948;-23.575492;76.209982
2;-9.417904;18.320036;-11.692846;2.790713
4;-31.954584;4.991258;-13.227047;40.190374
2;-19.289016;67.047608;-19.241824;-28.516768
1;97.897443;-2.168058;-45.060591;-50.668791
2;-18.667650;16.852502;-14.152706;15.967854
1;9.453985;-4.301039;-12.090590;6.937641
4;-9.489173;0.957086;-4.076120;12.608208
2;-24.963320;75.060936;-24.985184;-25.112429
4;-22.934128;-31.079296;-22.907619;76.921040
2;-5.647589;16.714584;-5.100785;-5.966210
4;8.165302;-44.097743;-46.593251;82.525687
1;30.753591;2.525267;-22.863012;-10.415844
1;39.931628;-9.555764;-9.549041;-20.826823
2;-27.357369;48.544966;-11.379210;-9.808386
2;9.648952;18.867549;-18.856274;-9.660229
2;-29.769540;46.888708;-11.425723;-5.693447
1;0.000000;0.000000;0.000000;0.000000
2;-21.497040;64.429450;-21.495120;-21.437290
2;3.118472;6.508646;-0.354943;-9.272177
2;-7.881485;97.653872;-87.225200;-2.547184
2;-24.831766;75.028163;-25.119165;-25.077228
4;13.342435;-65.965319;-15.406355;68.029236
4;-6.851666;-9.386472;-7.568137;23.806275
1;101.044742;-94.800396;-6.990926;0.746581
2;-23.313903;60.829075;-20.630651;-16.884520
4;-8.824368;-8.877259;-13.677021;31.378651
2;-24.759268;75.286746;-24.915895;-25.611583
4;-17.834130;-44.375077;-17.913409;80.122615
4;-21.147223;14.738075;-12.317439;18.726586
2;-28.107261;75.908881;-23.884467;-23.917154
4;-13.946291;-23.480155;-49.147937;86.574391
4;-13.638060;-10.005941;-6.128454;29.772453
2;-24.759268;75.286746;-24.915895;-25.611583
2;-19.435341;58.335260;-19.379255;-19.520663
4;-2.168713;-11.491110;-19.616231;33.276057
2;-24.737462;75.135785;-25.627170;-24.771154
4;-61.601110;-35.571832;-64.673301;161.846230
1;51.233116;25.337304;-64.594206;-11.976219
4;-25.602732;-28.323766;-24.363435;78.289940
1;8.133882;-1.491074;-8.906643;2.263831
2;0.805097;101.331004;-101.393713;-0.742392
4;-3.399492;27.375749;-76.347841;52.371595
2;-21.870367;65.599209;-21.917443;-21.811399
2;-5.120502;24.232118;-13.893425;-5.218188
4;-29.217750;-22.802939;-25.186054;77.206744
1;94.468024;33.690265;-38.799019;-89.359274
4;-23.023370;-22.911626;-31.085640;77.020633
4;-2.698210;-2.712381;-2.684317;8.094909
4;-17.654347;-16.329394;-28.892311;62.876051
4;-25.671491;6.739051;-2.609873;21.542313
4;-21.913188;-24.834520;-31.290297;78.038002
4;-16.965278;-19.145403;-9.642752;45.753429
4;-10.925424;-10.685564;-28.122118;49.733106
4;-8.889748;-8.654406;-10.779839;28.323992
4;-8.994777;-46.280805;-16.712159;71.987739
4;-24.893146;-24.963327;-25.142311;74.998787
4;0.700113;-48.751189;-53.035293;101.086371
2;-14.091836;66.736822;-14.074541;-38.570445
4;-116.501016;16.041287;-63.360893;163.820622
4;33.715637;-29.947959;-58.996705;55.229021
4;-13.049447;-13.173262;-13.908355;40.131063
4;-20.487432;-16.364578;-17.151636;54.003644
4;-50.187670;9.708041;-35.641024;76.120651
2;-52.550094;89.448631;-27.332570;-9.565960
1;134.813110;-26.154791;-46.595084;-62.063235
2;8.327011;27.359377;-23.465937;-12.220447
4;-9.330905;3.463322;-7.118430;12.986010
1;46.403355;-15.480106;-15.541568;-15.381677
4;5.207792;-25.585743;-15.118109;35.496059
1;54.632707;-17.474384;-20.008151;-17.150176
4;-27.283222;-23.231317;-25.818241;76.332780
1;17.569101;7.419282;-17.970043;-7.018340
4;-14.217428;-14.261039;-42.859170;71.337642
3;-40.222511;-8.804485;31.682526;17.344468
1;14.681863;1.106792;-18.896330;3.107672
1;65.225934;-21.790734;-21.734174;-21.701026
2;-13.558820;41.387448;-14.399029;-13.429600
1;50.878810;-41.054577;-18.688435;8.864196
4;-12.579085;-12.552259;-12.630736;37.762081
4;-24.835048;-24.895121;-24.806451;74.536621
4;-43.320268;-2.078494;-53.256573;98.655353
2;-13.558820;41.387448;-14.399029;-13.429600
1;0.000000;0.000000;0.000000;0.000000
4;-11.527260;-23.193587;-53.323353;88.044200
2;6.920504;20.891472;-12.096932;-15.715044
2;11.004715;20.232681;-21.086747;-10.150649
1;0.000000;0.000000;0.000000;0.000000
4;-27.841299;-43.871608;-35.328661;107.041568
2;-15.287540;84.633798;-15.927023;-53.419231
4;1.318360;-4.461067;-19.187724;22.330434
1;19.248297;-37.123338;-0.869754;18.744784
4;-17.866424;-17.984460;-32.664198;68.515078
4;-37.293101;12.397009;-2.722336;27.618424
4;-24.929243;-25.007099;-25.062727;74.999068
4;5.838173;-30.408120;1.470400;23.099548
1;43.679928;26.510434;-55.424992;-14.765358
4;-18.347719;-30.471863;-32.363718;81.183303
1;65.924441;-19.510385;-33.168814;-13.245240
4;-43.320268;-2.078494;-53.256573;98.655353
4;-10.599510;-10.861097;-66.708577;88.169188
1;43.704625;-31.227145;-16.997285;4.519806
4;-10.925424;-10.685564;-28.122118;49.733106
4;-21.769760;-0.405413;-34.016708;56.191883
2;-42.727766;72.818595;-16.095824;-13.995004
2;-23.565324;70.851074;-23.747733;-23.538018
4;-5.890011;5.236313;-16.709312;17.363009
1;20.494475;-17.427480;-4.684884;1.617891
4;-14.090630;-11.301691;-65.790444;91.182762
3;-42.071505;-2.710087;47.236376;-2.454783
2;-12.425594;37.188403;-12.457399;-12.305411
1;74.354540;-24.643866;-25.094178;-24.616493
1;39.418897;-22.497114;-6.831948;-10.089834
1;23.117671;-1.289925;-23.717343;1.889598
1;36.383746;-12.238380;-12.066169;-12.079195
4;-3.647798;-6.457595;-12.319817;22.425209
1;94.412864;-17.306204;-71.748565;-5.358091
4;-4.949877;-4.884675;-18.615016;28.449572
4;6.064983;-19.042395;-7.652832;20.630244
4;-41.512945;-7.076426;-44.216245;92.805614
4;-3.399492;27.375749;-76.347841;52.371595
2;-29.172425;42.117383;-19.842421;6.897465
4;-11.333553;-8.226593;-8.370883;27.931026
1;71.661877;-102.526643;4.430372;26.434395
4;44.308117;-27.993355;-68.798290;52.483525
2;-15.613789;46.883799;-15.601693;-15.668317
4;-27.833695;-21.253303;-11.579098;60.666099
4;-17.614738;-0.876775;-10.043147;28.534660
2;0.805097;101.331004;-101.393713;-0.742392
2;-32.168252;71.664186;-21.108284;-18.387649
2;2.087194;16.003777;-33.263315;15.172344
1;28.193215;-7.423796;-14.579370;-6.190049
4;-19.466073;-19.033886;-42.258254;80.758212
4;6.666234;-16.354728;-20.910376;30.598870
4;-14.948465;-54.509938;-15.383846;84.842248
4;2.581560;0.134219;-106.072420;103.356634
1;30.583724;-8.112016;-19.591203;-2.880508
4;-51.784598;33.278855;-26.888340;45.394084
4;-21.159643;-23.634851;-33.834084;78.628577
2;-25.115121;75.026719;-24.929354;-24.982243
1;38.039389;-12.643174;-12.752926;-12.643289
4;-22.642830;-6.666155;-6.786981;36.095966
1;76.933496;-23.513196;-30.510465;-22.909833
4;-22.090699;0.147393;-19.558879;41.502186
4;6.935191;-18.448036;-18.857225;30.370074
2;-7.137280;58.332370;-18.007892;-33.187198
4;-19.012757;-18.560507;-43.940555;81.513816
4;-6.070966;-2.930841;-25.254274;34.256082
2;-27.310485;26.594977;-21.120218;21.835725
1;39.958954;-20.071079;5.069330;-24.957205
4;-19.268333;-18.591977;-44.187596;82.047907
4;-21.104212;-21.059349;-25.357304;67.520865
4;-35.401963;9.638167;-20.742731;46.506526
4;-24.876268;-24.959717;-25.158572;74.994555
4;19.366097;-23.778123;-54.702389;59.114417
4;-26.336639;-13.428592;-13.674445;53.439676
2;0.780730;13.642884;-3.288077;-11.135537
4;-20.353030;-20.724416;-38.404996;79.482439
1;5.756576;0.024465;0.338055;-6.119097
4;-24.929398;-25.035323;-24.939014;74.903735
2;-10.185386;90.215267;-53.220835;-26.809046
4;-23.877606;-23.765033;-28.453837;76.096476
4;-8.511532;-10.217582;-72.427119;91.156233
1;85.947195;-37.838373;-33.153745;-14.955073
3;-38.592773;-20.200002;79.045090;-20.252318
4;-24.876268;-24.959717;-25.158572;74.994555
2;-13.476674;62.274248;-13.589595;-35.207977
2;-2.804070;17.863187;-15.334021;0.274904
2;-5.046669;33.391908;-22.922486;-5.422752
4;-24.752785;-26.384782;-24.625948;75.763510
1;8.542315;-2.102803;-5.256154;-1.183358
1;39.931628;-9.555764;-9.549041;-20.826823
1;84.978508;-15.561197;-53.736986;-15.680324
1;79.331308;14.271117;-111.208969;17.606542
1;22.181258;-4.424032;-38.254279;20.497053
2;-51.720735;79.215856;-51.936854;24.441735
2;-55.970576;88.116512;-27.915239;-4.230697
2;-21.241179;64.236589;-21.527472;-21.467937
4;-18.472328;-18.508437;-18.520113;55.500878
2;8.327011;27.359377;-23.465937;-12.220447
2;-20.356807;79.425410;-38.472525;-20.596080
4;-0.179248;-7.396299;-13.039053;20.614599
4;-43.444844;7.835826;-37.193331;72.802349
1;13.683043;-7.020125;-8.600200;1.937282
4;-94.612372;6.102723;-131.774019;220.283672
2;7.269465;30.725355;-54.333488;16.338670
2;-24.603935;73.628295;-24.610001;-24.414359
1;74.779629;52.428122;-95.842733;-31.365017
4;-20.343374;-20.125071;-22.963868;63.432313
1;36.558099;-15.272837;-11.385122;-9.900141
1;82.549092;-18.137554;-46.270018;-18.141523
2;-11.352036;35.667711;-11.369460;-12.946214
1;49.841236;28.422248;-54.010157;-24.253329
2;-19.210728;77.606065;-39.345745;-19.049591
4;-8.508490;-8.848222;-21.361152;38.717863
4;-13.828072;-9.602108;4.896672;18.533508
4;-44.557579;-13.824582;-21.949038;80.331199
4;-14.937340;-26.651221;-15.075622;56.664183
4;-16.250676;16.425794;-34.574801;34.399685
1;5.555556;-1.850285;-1.857249;-1.848021
4;-44.785215;3.277648;-61.840513;103.348081
1;21.349503;-7.612019;-26.446626;12.709141
1;36.558099;-15.272837;-11.385122;-9.900141
1;36.698722;-12.286962;-12.281836;-12.129927
2;2.752314;11.485943;-7.192401;-7.045855
2;-24.715475;75.116095;-25.581992;-24.818627
4;-31.239768;-22.256652;-24.167545;77.663965
1;48.393498;-23.805571;-19.368115;-5.219811
1;86.896846;-28.760997;-34.893895;-23.241954
1;7.873937;-6.359443;-3.123525;1.609032
1;103.018559;-51.241265;-54.779395;3.002099
2;16.806509;22.106824;-19.710562;-19.202772
4;-45.766412;-1.317366;-14.165337;61.249116
1;61.546199;-21.010662;-56.726974;16.191436
4;-21.444815;-20.692777;-21.959615;64.097211
2;-43.414868;53.551715;-16.358726;6.221881
1;85.649722;-13.448745;-60.510148;-11.690827
4;-24.934422;-25.062031;-24.943112;74.939565
4;-24.920467;-23.922937;-27.110856;75.954261
2;-21.808590;80.407363;-19.698771;-38.900003
1;90.061978;-9.483298;-47.776801;-32.801882
1;28.472267;0.492429;-29.652462;0.687767
4;-20.273367;-20.536130;-39.167989;79.977487
2;-34.790771;57.635943;-27.960553;5.115383
2;-13.160058;39.796742;-13.337590;-13.299095
2;-23.217131;80.416166;-35.962617;-21.236414
1;17.653887;-9.577502;-5.012444;-3.063941
1;75.342715;-23.705468;-23.609421;-28.027825
4;-23.103085;-31.745225;-23.213642;78.061953
1;56.843510;-13.841822;-33.640898;-9.360787
2;-32.948578;81.154605;-29.242821;-18.963206
2;2.752314;11.485943;-7.192401;-7.045855
4;-23.103085;-31.745225;-23.213642;78.061953
4;-14.316361;-12.493337;-52.419789;79.229488
2;-26.064487;71.871629;-23.433320;-22.373823
4;3.322802;1.183920;-16.206957;11.700235
4;-13.146727;-15.622051;11.658244;17.110536
4;-24.293886;-26.081261;-25.527105;75.902251
4;-25.011718;-25.047423;-24.923799;74.982938
2;20.713386;32.319989;-19.187638;-33.845737
1;72.379468;-25.883435;-23.232061;-23.263971
4;-24.892717;-23.134674;-29.529500;77.556892
2;-4.613175;3.079387;0.603456;0.930332
4;-34.421207;11.937638;-15.348751;37.832321
1;100.152434;-92.316083;-7.353265;-0.483086
4;-15.387004;2.258161;-22.657245;35.786089
4;20.453594;-11.018563;-41.243704;31.808675
2;-67.775254;112.442680;-57.062125;12.394701
4;-16.232900;-17.537903;-16.374429;50.145232
4;-18.588715;1.794027;-26.935969;43.730658
4;-13.295775;-25.902296;-32.540452;71.738523
4;-36.344166;22.437994;-109.041903;122.948079
2;-4.942169;11.775250;-12.469321;5.636240
4;-4.826608;-10.152288;0.445157;14.533738
2;-24.863963;74.891620;-25.010845;-25.016814
2;-14.189706;25.293612;-19.361824;8.257917
4;-24.951945;-24.682454;-25.711586;75.345985
2;-21.213106;21.827590;7.431117;-8.045599
2;-0.086712;17.026622;-4.246238;-12.693671
1;68.519596;-13.367423;-41.299924;-13.852250
4;-35.427616;5.451827;-37.984212;67.960001
2;-1.774690;28.290087;-20.865713;-5.649688
2;-24.855419;75.477178;-25.093205;-25.528555
4;0.276897;-39.109979;-37.924469;76.757552
2;-5.158186;33.856780;-23.376311;-5.322282
1;25.087837;-14.897631;-27.878938;17.688731
4;-23.002652;0.403917;-41.479316;64.078052
1;30.924014;19.974562;-4.793788;-46.104789
1;87.147174;-50.508441;-23.051105;-13.587629
2;-43.486486;78.505773;-31.696983;-3.322305
4;-19.672218;-10.737672;-20.753272;51.163163
4;-22.764604;-34.976818;-44.077115;101.818538
4;-1.272626;-18.213883;-6.640836;26.127343
2;-34.003086;55.572435;-18.347466;-3.221884
4;-8.633201;-5.796862;-27.445567;41.875630
2;-24.931626;75.113514;-25.345126;-24.836768
4;-25.076029;-24.922128;-25.032757;75.030915
4;-15.208878;-16.067848;-54.392291;85.669017
4;7.495427;-1.456503;-34.948495;28.909574
4;-9.849183;-2.376945;-14.913654;27.139783
1;18.083882;-23.214815;-10.958880;16.089813
4;-2.048603;-16.664233;-6.774974;25.487811
3;-24.923362;-24.611023;74.190939;-24.656553
2;-4.907854;28.747731;-8.656478;-15.183399
3;3.878503;0.147461;3.994015;-8.019980
2;-13.057637;28.955615;7.059905;-22.957883
4;-22.781860;-22.674311;-22.622312;68.078484
2;-26.355984;69.788085;-35.174539;-8.257563
4;-6.672126;24.644114;-67.243855;49.271870
1;31.206885;-7.740137;-15.680077;-7.786671
2;-49.630177;46.163193;-16.043249;19.510233
4;-4.812375;-5.264617;-3.879137;13.956129
4;-13.349893;-13.278208;-14.067729;40.695831
4;12.923966;-2.877397;-32.869000;22.822432
4;-44.744396;6.087741;4.201584;34.455072
1;78.945539;-21.074119;-21.940001;-35.931421
4;-57.559516;-24.630128;-24.385972;106.575616
1;117.945922;-29.757612;-92.754990;4.566679
2;-17.614830;76.257317;-67.328577;8.686090
1;25.992570;23.157564;-35.704163;-13.445970
2;-8.440699;70.172466;-17.720712;-44.011056
2;-20.490398;14.738638;1.580103;4.171659
2;-25.368287;75.047899;-24.933639;-24.745975
4;-33.026560;-20.438313;-25.920178;79.385052
1;42.650953;-14.033202;-14.184409;-14.433341
2;21.675529;26.432819;-42.598661;-5.509688
1;74.943016;-25.012346;-24.927943;-25.002726
1;109.069782;-72.920697;-45.687021;9.537936
4;-26.707347;14.320345;-12.043614;24.430617
2;-3.531822;23.709902;-23.225778;3.047699
1;29.040758;-5.311585;-37.470926;13.741756
2;-36.088794;82.465670;-28.573554;-17.803324
3;-82.298041;-1.572584;98.488927;-14.618297
4;-7.630834;-9.623705;-14.140770;31.395309
4;-21.868806;-21.522984;-23.122195;66.513987
2;-11.352036;35.667711;-11.369460;-12.946214
4;-7.385154;-0.580025;-7.532094;15.497270
4;-17.182224;-48.244239;-16.871540;82.298005
4;-15.786714;-28.478663;-15.760033;60.025410
4;-72.600765;-0.821139;-28.382840;101.804745
4;-20.098518;-17.294711;-17.246444;54.639675
4;-15.296086;-54.211510;-15.119397;84.626994
1;40.871950;-23.490912;-44.111274;26.730233
2;-29.645649;79.858399;-30.105547;-20.107204
1;23.050686;-3.356628;-3.579993;-16.114065
2;-18.974433;80.429776;-43.390124;-18.065217
4;-65.909162;9.370929;-52.658318;109.196547
4;24.925821;-33.020184;-53.495492;61.589855
2;-43.414868;53.551715;-16.358726;6.221881
1;126.488903;-34.317529;-93.475855;1.304479
1;55.101445;-35.387668;-14.785823;-4.927953
2;-31.615621;68.427473;-32.369481;-4.442369
4;-19.779625;2.570766;-18.080847;35.289707
4;-39.258791;-18.349228;-35.139947;92.747966
4;13.660755;5.773982;-40.522051;21.087316
3;-8.349217;-75.305673;91.934858;-8.279968
2;-21.149470;78.769273;-36.344420;-21.275382
2;-5.211913;24.107177;-5.103041;-13.792222
2;25.401191;69.989720;-38.830776;-56.560133
2;-16.658866;69.059966;-53.142598;0.741499
2;2.003453;25.824053;-17.898429;-9.929077
4;-35.707643;1.619333;-23.988624;58.076934
1;69.993495;-21.992069;-33.597034;-14.404392
1;57.764167;-19.309025;-19.299775;-19.155365
4;-25.003709;-25.087736;-24.927735;75.019180
1;24.086214;11.688424;-45.589698;9.815063
2;-39.740402;87.524380;-34.681244;-13.102731
4;-22.114123;-24.996921;-32.865873;79.976917
2;-17.577239;22.938286;-22.778367;17.417321
2;-14.388430;42.914981;-14.221380;-14.305168
4;-34.572099;12.536333;-21.927649;43.963416
4;-22.942009;-22.868653;-22.745492;68.556156
1;80.099311;-51.018525;-14.509350;-14.571436
2;-24.971452;75.037098;-24.891816;-25.173830
2;-25.462796;75.242707;-24.632500;-25.147412
2;14.393043;20.860190;-18.083175;-17.170058
1;71.701600;-23.779806;-24.128975;-23.792819
2;-24.672196;80.230273;-35.506789;-20.051289
2;-6.618446;13.025106;-7.649982;1.243323
4;-9.703749;-9.377076;-64.819193;83.900018
1;25.469266;-23.302570;-17.229366;15.062671
3;-10.820933;-11.702689;33.306024;-10.782401
2;-29.938722;58.842830;-14.386074;-14.518034
4;-18.363409;-44.728720;-18.237815;81.329946
2;-24.829704;75.658835;-26.431997;-24.397131
1;76.502436;-24.237845;-29.459390;-22.805200
4;-7.885336;-33.131284;-30.384916;71.401534
1;85.269978;-27.932083;-42.128185;-15.209712
1;71.701600;-23.779806;-24.128975;-23.792819
4;-15.387004;2.258161;-22.657245;35.786089
4;-60.621260;-13.642454;-23.733569;97.997282
4;12.598577;-17.438581;-10.764946;15.604950
1;51.706781;-17.515305;-17.059163;-17.132314
4;-46.229862;15.341317;-41.177288;72.065833
1;86.366466;-55.754138;-17.364166;-13.248160
1;9.825507;8.998944;-6.065352;-12.759100
1;74.504932;-24.715746;-24.930090;-24.859093
2;-12.182986;36.825045;-12.332968;-12.309090
2;-2.293487;99.172587;-94.317646;-2.561454
2;-9.559712;36.146995;-9.567499;-17.019785
4;-1.272626;-18.213883;-6.640836;26.127343