4;298.42243;-1.99126;-31.468483;-39.3386
4;281.14433;-11.540382;-11.567771;-19.95652
2;262.872762;3.418233;-4.34987;-31.796081
4;259.09115;3.81623;-12.583853;-19.003883
4;220.28367;31.942207;-5.141295;-58.743829
4;212.19902;-25.829766;-38.50663;-43.968085
4;189.85035;-19.281438;-20.930591;-40.460392
4;175.28441;-23.035928;-25.024054;-28.211942
4;166.42217;-24.60472;-24.838758;-25.116992
4;163.82062;-23.871452;-24.084817;-28.174316
4;161.84623;-3.072545;-7.557009;-22.664036
4;160.73865;-8.4002;-19.100128;-28.522818
1;160.423146;-24.862083;-24.94458;-25.012204
4;157.91237;-24.214889;-24.562721;-26.98906
1;157.822238;-17.767211;-18.069396;-18.699706
4;154.52245;0.320954;-7.044101;-8.726223
4;154.48894;-5.893893;-11.820933;-20.566547
4;151.66368;-20.491156;-20.492469;-38.33447
2;151.121085;-23.65695;-24.357344;-26.556608
4;148.52458;6.82788;-17.015903;-30.88638
4;146.79684;-9.00533;-27.429767;-47.564065
4;146.62936;-24.441916;-24.769956;-25.704727
4;144.03398;-15.986241;-32.763858;-35.86298
4;142.45731;14.977;3.892279;-135.308739
4;139.64988;-7.047923;-7.40172;-29.368597
1;138.701028;-2.163007;-12.588243;-34.320994
2;138.072208;-2.135647;-17.393772;-78.317611
1;135.613953;6.50703;-21.752286;-28.076263
4;134.86973;19.895649;-18.2842;-30.407121
1;134.81311;-19.842688;-19.875556;-28.1218
1;130.894507;-24.86203;-24.895133;-25.220014
1;130.498667;-20.40738;-26.05491;-32.663743
1;130.138666;-6.180872;-10.900898;-16.600476
4;129.83209;-24.441916;-24.769956;-25.704727
2;126.701266;-14.50353;-15.11685;-44.447089
1;126.488903;-24.397437;-24.448214;-36.452416
1;126.245869;-4.114415;-6.858169;-20.046271
4;123.97369;-22.409846;-22.48101;-22.532865
2;123.353055;11.03349;-24.211844;-34.224012
4;123.34458;-20.20755;-27.734199;-32.157783
4;122.94807;-10.964384;-11.01176;-11.368336
1;122.883536;-18.650101;-18.788296;-18.8459
1;122.774305;8.114551;-13.6005;-27.864198
1;122.382523;-23.198397;-23.640564;-29.477214
1;122.241616;4.44484;-12.501803;-76.13512
2;121.484648;-23.945743;-45.277415;-77.573689
1;121.35312;-24.87157;-24.935413;-25.097975
1;119.336121;-21.110331;-21.191393;-21.382573
1;119.256328;-8.40985;-14.811299;-15.784181
4;119.21521;10.22633;-4.884169;-71.510115
4;118.93438;-12.217257;-12.27544;-12.392649
1;118.116118;-17.133196;-17.155848;-27.097589
1;117.945922;-24.620439;-24.6991;-24.823151
1;117.103639;35.7071;-50.549834;-120.771219
2;116.919579;-0.566959;-0.61364;-3.994264
1;116.439457;3.691431;-5.718667;-9.360386
1;116.195159;-0.793612;-2.822975;-31.02832
4;115.01832;-4.70339;-4.726213;-7.079862
4;114.8581;-12.387768;-13.585939;-16.09394
4;114.8581;-2.163007;-12.588243;-34.320994
4;114.04548;-4.281805;-4.423348;-9.92012
2;113.805116;-13.134425;-13.2407;-60.402988
4;113.23038;-11.12799;-11.403733;-11.483806
4;112.86692;-0.54663;-5.107559;-14.561938
4;112.75538;-10.009716;-10.096516;-10.441979
4;112.66846;-17.899163;-18.132812;-19.811396
2;112.44268;-2.007004;-2.81087;-4.24551
4;112.01224;30.074544;-24.725401;-56.001287
4;111.98293;-5.580959;-43.60647;-45.508759
1;111.820362;-19.567731;-30.005734;-30.995126
1;111.493257;2.890574;-10.755923;-10.92703
4;111.36262;2.40227;-1.263774;-19.084973
4;111.24172;-20.20755;-27.734199;-32.157783
1;110.958649;-24.366736;-25.151576;-26.127158
1;110.370807;31.942207;-5.141295;-58.743829
4;109.19654;2.57362;-6.796022;-96.937634
1;109.069782;-11.399683;-15.954391;-46.010157
4;108.6652;24.231086;-15.358718;-33.970241
4;108.61335;-21.451487;-21.602562;-21.985473
1;108.461606;1.57701;-9.130816;-23.10163
1;108.304482;-20.087488;-20.18613;-20.390688
1;108.304482;-0.37327;-10.201664;-97.442889
4;108.15577;-13.295416;-13.755927;-59.386609
1;108.03593;12.804986;-3.834293;-24.203774
4;108.01782;-2.006528;-38.490431;-61.322411
4;107.95735;-4.82035;-12.115448;-37.517189
4;107.64268;-24.518816;-25.00471;-26.025741
4;107.26919;-30.991933;-38.703649;-43.059804
4;107.04156;-17.751574;-17.812194;-17.843218
4;106.57561;-19.847303;-19.99977;-20.076957
4;106.36837;-6.710782;-10.193969;-24.481587
4;106.12639;4.802934;-11.602082;-18.729762
2;106.057371;-5.500849;-9.40962;-14.444853
4;106.01944;-21.60843;-21.61151;-21.646362
4;105.8575;2.100947;0.10966;-17.999469
2;105.031358;13.835671;-20.407171;-41.07364
4;104.9601;-9.12243;-26.394552;-55.112914
1;104.8526;-46.0081;-55.879672;-55.934464
4;104.77109;-24.299826;-24.395865;-26.873998
2;104.364949;7.18317;7.141262;-28.748814
1;104.212456;-24.881766;-24.88514;-25.078594
4;103.81894;4.333068;-46.088195;-63.204981
4;103.71906;-7.870313;-7.944259;-8.024384
4;103.48347;10.97412;-37.559784;-37.657284
4;103.43398;-13.650347;-13.686371;-13.733911
2;103.428866;42.514351;-5.766848;-111.14208
2;103.370133;21.37957;-17.852517;-25.805777
4;103.35663;-9.821739;-10.024587;-19.074952
4;103.34808;10.002639;-25.426518;-33.929642
4;103.19004;-20.03343;-20.15379;-39.67526
1;103.018559;24.47548;-41.22441;-43.746044
4;102.94731;-2.541569;-45.116944;-49.957133
4;102.93699;-8.474741;-18.709882;-34.636765
4;102.91975;-11.84243;-17.024273;-26.230362
4;102.79814;7.28512;-6.802658;-9.993983
1;102.395464;-9.878293;-29.956851;-59.82238
2;102.365902;-21.100062;-21.130734;-21.24017
4;102.25298;-16.022327;-16.089208;-31.97403
4;101.81936;29.009229;-26.98136;-46.257906
4;101.81853;1.333563;-18.867472;-22.176684
4;101.80474;-3.21867;-36.660143;-56.571636
4;101.6003;-19.661841;-19.736856;-19.789046
2;101.331004;-12.570631;-23.261768;-35.70297
2;101.331004;-11.274954;-16.857996;-60.912228
1;101.160031;2.140593;-9.929522;-24.297563
4;101.08637;-24.943426;-25.000943;-25.112428
1;101.044742;2.229855;-17.820733;-29.857943
4;100.3434;-17.609165;-17.633666;-38.645824
1;100.263779;32.61757;-22.798073;-64.505336
4;100.23361;-22.750251;-24.510499;-33.53394
1;100.152434;0.539808;-8.541615;-26.405671
2;99.657532;-0.39226;-33.344306;-72.389829
4;99.43928;-15.206787;-22.10337;-48.716607
4;99.3656;-24.82946;-24.884376;-25.236804
2;99.172587;-17.609165;-17.633666;-38.645824
2;99.134681;21.50585;-3.401869;-63.694133
4;98.65535;-25.829766;-38.50663;-43.968085
4;98.65535;-9.890437;-15.048812;-51.65779
4;98.56213;-23.958179;-24.11441;-27.416331
3;98.488927;3.10534;-43.824167;-62.710049
1;98.344172;-1.790349;-2.09741;-3.514863
4;98.02489;-5.01123;-5.018953;-15.462626
4;97.99728;3.469822;-15.871092;-17.86473
4;97.93573;-24.589042;-24.75699;-25.830043
1;97.897443;1.86379;-2.607946;-7.591838
4;97.84702;-5.44768;-27.52578;-61.12456
4;97.82103;-2.43485;-11.526032;-45.087993
4;97.75543;-6.85503;-22.10763;-42.763939
2;97.653872;2.757788;-20.789703;-38.457185
4;97.61564;-6.621142;-6.630722;-7.24255
4;97.48277;27.676713;-14.681161;-42.053013
4;97.15134;2.87536;0.906309;-8.252351
1;97.112188;6.76234;-8.291203;-10.592587
4;97.09971;4.75064;-44.438958;-65.082778
4;97.04486;-24.884484;-24.95016;-24.988518
4;97.04486;-13.429562;-13.45366;-28.244948
4;96.96716;-28.908633;-35.706684;-35.728093
4;96.96686;-9.152472;-10.295;-72.646279
4;96.95282;-11.427218;-11.484223;-15.875116
4;96.63778;-15.83554;-32.965403;-35.707333
1;96.450449;3.680057;-30.42953;-55.818029
1;96.366991;6.50703;-21.752286;-28.076263
4;96.34154;6.769573;-9.59008;-17.957176
1;95.875026;2.705317;0.09985;-11.175461
1;95.574437;32.250727;-25.11755;-85.491169
4;95.5581;-19.496225;-29.443469;-31.503602
1;95.307514;-24.903;-24.923467;-25.126296
1;95.172873;0.3554;-4.739114;-9.85652
4;95.16078;-0.734438;-10.411575;-11.250976
4;95.16078;27.19475;8.39841;-63.033473
4;94.896;-18.697712;-18.740537;-18.77277
4;94.89294;1.18228;-5.959097;-14.179862
1;94.841926;-20.529869;-20.565315;-38.23537
2;94.696196;-23.84806;-24.40923;-27.570225
3;94.6504;7.28512;-6.802658;-9.993983
4;94.46956;-12.358267;-14.498042;-36.340317
1;94.468024;-15.72215;-19.181739;-36.41159
1;94.412864;-9.94116;-19.894107;-32.603762
4;94.26026;9.57252;-16.574751;-30.002757
4;94.11412;2.878164;-6.105974;-9.42783
2;94.098022;-20.087488;-20.18613;-20.390688
1;93.995043;-24.238607;-24.28668;-27.013894
1;93.895549;5.52992;-6.579908;-12.320367
1;93.805028;-9.23823;-9.458854;-12.453849
1;93.78682;-10.950571;-11.03034;-19.078777
1;93.748365;-1.500059;-5.583393;-13.100717
2;93.696493;9.825024;1.802623;-30.394486
3;93.339615;-3.072545;-7.557009;-22.664036
4;93.20026;-1.664679;-7.22707;-23.393037
2;93.038338;13.78013;-43.262011;-96.763989
1;92.812103;1.551466;-24.067204;-138.222924
4;92.80561;-14.30033;-24.543643;-33.820984
4;92.74796;6.574354;1.73633;-32.194416
4;92.64244;2.342117;-16.612801;-39.097519
4;92.64244;-20.85327;-21.088449;-23.365853
2;92.612288;-18.563492;-18.82951;-43.910592
1;92.594347;-11.388284;-11.52654;-11.693403
4;92.56009;-24.80287;-25.230504;-25.299331
4;92.56009;-24.68504;-25.003866;-25.328436
2;92.093761;-6.892407;-6.940906;-6.96164
2;92.043796;-24.59389;-24.815715;-25.685542
1;92.02603;5.21419;-0.603765;-15.203771
4;92.00967;-10.931122;-51.386562;-51.727811
3;91.940907;3.11125;-1.968728;-7.624393
3;91.934858;-20.82986;-22.450522;-36.423801
4;91.86563;-6.145254;-26.412466;-60.642546
4;91.81676;9.14287;-55.057292;-62.547189
2;91.739384;-6.343097;-27.510666;-31.7391
2;91.544607;2.82522;-40.323979;-64.896707
4;91.5284;2.26184;1.356724;-24.871877
4;91.35128;-15.714242;-15.733898;-32.37412
4;91.18276;12.213631;-42.304373;-42.780118
4;91.15623;-15.85729;-64.901243;-65.870829
4;91.03278;-11.76433;-12.424968;-65.0655
4;91.03278;7.048073;-6.096611;-8.239428
1;90.929599;3.549193;-0.91675;-6.21739
3;90.927093;-17.217117;-17.839758;-43.593959
2;90.656386;-24.477412;-24.61229;-26.375895
2;90.6299;-17.107965;-17.203096;-49.067301
2;90.624603;-18.78523;-18.965986;-18.970354
4;90.59415;0;0;-8.33333
2;90.341;9.325044;-7.074718;-24.143037
1;90.290699;0;0;0
1;90.290699;4.705687;-12.514283;-41.240319
4;90.28683;-14.095263;-26.242793;-46.593289
3;90.275307;-15.66771;-29.824574;-39.448396
4;90.23062;0.49367;-17.64549;-36.607827
3;90.218376;-8.97915;-9.040943;-9.505805
2;90.215267;2.149133;-4.167751;-18.283127
4;90.19748;3.448904;-28.10027;-79.067699
2;90.16056;8.664691;-5.7068;-46.014657
1;90.061978;-12.52518;-14.02126;-60.171457
4;89.94212;1.656352;-0.444868;-3.986782
1;89.802035;-22.685755;-22.77361;-31.979798
2;89.466584;-16.036913;-32.90634;-35.084133
4;89.45731;24.35137;-26.98597;-36.35903
2;89.448631;-1.802084;-2.03819;-19.21664
2;89.290171;-2.99011;-22.466297;-71.655781
1;89.254803;-17.2218;-17.224809;-17.340974
4;89.07152;2.750553;-23.083456;-26.38303
4;89.04517;-24.949355;-24.949617;-25.130868
4;88.83956;1.399652;-0.028798;-10.075123
4;88.81794;-11.194791;-15.085081;-31.702323
4;88.79364;-13.925914;-29.85778;-47.95569
4;88.79364;3.98032;-6.76819;-9.373267
1;88.71232;-20.806706;-24.517165;-33.995101
2;88.506108;-17.975189;-36.422137;-45.041964
4;88.16918;-1.823478;-4.759557;-22.69634
2;88.119367;-9.48122;-10.740071;-12.011702
2;88.116512;-6.140571;-12.897043;-18.387066
2;88.049655;-22.470204;-22.485642;-26.358837
4;88.0442;21.61502;-0.926143;-151.583394
2;87.859804;-24.85814;-24.993126;-25.203575
1;87.593558;9.405352;-12.439457;-14.749887
2;87.543264;0.060038;-5.617208;-8.757108
4;87.54113;-7.959683;-30.161257;-73.120779
2;87.52438;-10.898402;-10.922451;-11.016998
2;87.401096;-24.873682;-25.048288;-25.074977
1;87.326268;4.8494;1.549586;-16.845247
4;87.24249;-1.67729;-2.664541;-7.119299
1;87.147174;-10.447577;-10.494294;-10.59208
2;87.118672;-5.46958;-5.590827;-13.089236
3;87.064334;-4.31905;-4.849931;-37.653178
1;86.983756;3.846718;-19.523256;-33.083476
4;86.93133;14.36124;1.716453;-40.648891
1;86.906045;-4.766556;-7.905805;-14.432363
1;86.896846;14.155222;-12.977784;-38.9942
1;86.888143;-6.123196;-6.136561;-6.164911
4;86.77811;-21.601134;-23.834078;-33.215277
4;86.76544;-13.60738;-17.044926;-37.729951
2;86.717901;-24.721998;-24.96523;-25.344781
4;86.5877;-6.410855;-6.49574;-19.857787
4;86.57439;46.384052;-30.017831;-71.520168
4;86.43795;7.66677;-14.265037;-14.881821
1;86.366466;-24.920508;-25.03591;-25.167939
4;86.32149;28.196543;-16.515173;-45.470217
2;86.198237;-17.59464;-26.990396;-37.740042
4;86.12983;-17.1761;-28.459758;-37.58671
4;86.11201;18.46618;-10.135035;-33.866071
4;86.08151;-0.668676;-1.903769;-2.868607
4;86.08151;-1.28903;-22.499369;-27.459351
2;86.026771;-1.039864;-4.90938;-5.827117
1;85.947195;-13.533891;-19.76306;-40.723531
2;85.926786;-10.13713;-26.815798;-52.989194
1;85.860732;8.470511;-23.902072;-27.000049
4;85.84712;0.541377;-16.02437;-34.695984
4;85.73273;12.880645;-25.976691;-28.112259
4;85.66901;20.28855;-22.311474;-34.942539
1;85.649722;-10.544271;-10.567763;-25.56665
2;85.643459;-11.17767;-11.347073;-66.941836
4;85.63562;-5.348584;-8.00206;-21.684631
1;85.570508;-23.514847;-27.05777;-33.713541
4;85.53612;-29.687052;-30.051097;-36.899642
2;85.522765;2.073388;-24.132507;-24.729253
2;85.485636;-4.31905;-4.849931;-37.653178
4;85.37898;2.140091;-12.03588;-20.137396
2;85.363562;1.40128;1.386837;-13.236926
4;85.32294;-17.348342;-17.37665;-22.141314
4;85.29806;2.231201;-9.74959;-20.140451
2;85.29549;-22.119925;-26.170333;-38.031233
4;85.28204;-2.459261;-14.723068;-20.836393
4;85.27592;-10.30605;-39.37809;-40.940459
1;85.269978;-9.175489;-9.222007;-26.046956
2;85.239143;17.280478;-13.711805;-34.20952
1;85.203344;5.130116;-7.335169;-11.66383
2;85.176911;-5.86982;-5.990679;-6.00368
1;85.018704;-24.470677;-24.847752;-26.214312
1;84.978508;-7.716375;-7.717936;-9.537704
4;84.94068;-14.443285;-14.675803;-14.773286
2;84.927488;0.541377;-16.02437;-34.695984
4;84.84224;-24.870351;-25.046853;-25.13266
4;84.8144;10.975388;-55.489049;-61.343849
2;84.789959;-19.794979;-22.949295;-37.408207
4;84.74004;-1.631133;-31.755563;-64.434342
4;84.72257;19.79216;-8.28277;-45.044152
1;84.697884;22.47905;-29.067638;-31.249659
2;84.688722;1.145112;-50.317858;-63.69417
4;84.67869;-15.34973;-15.76518;-52.582263
2;84.633798;6.12209;-1.505116;-26.842978
4;84.62699;-18.317019;-24.351154;-38.90796
2;84.613081;-1.975978;-7.401589;-22.73952
4;84.52065;-24.869573;-24.926713;-25.014252
2;84.508283;-2.70582;-9.148782;-86.489573
1;84.410271;-4.48389;-11.754615;-12.613513
2;84.324694;-24.890367;-25.000662;-25.483721
1;84.3119;-18.610928;-18.961918;-43.869487
1;84.286168;-7.429649;-7.611646;-22.173934
4;84.20563;-0.887689;-4.492385;-6.892579
4;84.19208;-21.65439;-21.65619;-21.775464
2;84.084092;-17.348342;-17.37665;-22.141314
2;84.084092;-6.142849;-9.583899;-23.086159
4;84.06996;-1.81918;-2.028931;-22.53401
4;84.05966;2.16825;1.919988;-7.451671
4;84.05966;-20.622557;-23.75334;-35.503171
4;84.02738;-17.691654;-19.265424;-45.38043
2;83.999174;-23.371226;-23.821693;-29.59758
4;83.94139;-3.55451;-3.616567;-7.788184
4;83.90962;-19.73645;-20.147897;-39.63105
4;83.90962;-2.43381;-2.573178;-2.744821
4;83.90001;9.714062;-13.061304;-15.742739
4;83.87677;-16.08453;-33.610722;-34.047161
4;83.82125;-4.968324;-18.698862;-71.890928
2;83.801035;-21.3671;-21.400819;-21.523952
4;83.77225;3.873098;-2.398809;-24.613552
4;83.77008;-15.464205;-28.08122;-38.388744
4;83.74241;-10.690881;-10.695596;-13.178646
2;83.697181;13.778435;-15.799685;-30.522763
4;83.51551;1.28587;-3.289534;-8.09473
4;83.37836;40.65083;-30.318034;-64.078423
2;83.351059;-26.217663;-27.991229;-28.65032
4;83.34303;23.012653;-22.103847;-30.521675
4;83.31139;-24.8741;-24.929389;-25.148307
2;83.222565;8.863641;-2.229219;-26.264426
4;83.00513;-0.9487;-7.648431;-15.183793
4;82.96431;-7.77215;-21.479332;-44.154227
4;82.94731;-13.990633;-19.474363;-23.557346
3;82.898637;-23.622296;-23.721365;-23.811094
2;82.876726;-11.518714;-26.097223;-51.202009
4;82.85921;-16.249955;-17.747658;-27.521172
4;82.79396;-14.994748;-15.118991;-18.327563
4;82.75184;-14.24017;-24.778919;-46.276405
1;82.72781;17.67345;-24.586814;-78.10534
2;82.666332;18.69108;-16.77321;-48.03439
2;82.666332;-4.46604;-4.589574;-86.819406
4;82.57151;-24.787234;-24.798206;-24.861051
1;82.567511;-0.1464;-11.692315;-17.227894
1;82.549092;5.276918;2.860591;-63.853682
4;82.52568;16.933372;-11.092221;-27.496455
2;82.46567;-24.71909;-25.013412;-25.02611
4;82.39273;-10.664816;-21.015927;-59.847656
4;82.35547;-24.62061;-24.782245;-25.291663
1;82.33751;-10.15688;-10.560838;-51.508068
4;82.32817;-19.41106;-19.521953;-30.23266
1;82.325066;-1.35085;-13.2203;-16.278805
4;82.298;4.8494;1.549586;-16.845247
4;82.11734;12.492145;-7.938554;-25.035714
4;82.11669;-15.925984;-15.99334;-52.392569
2;82.10691;-23.873315;-26.367796;-26.469938
4;82.0479;-1.813135;-32.551263;-43.277169
3;81.938523;-2.977239;-21.947338;-23.163353
4;81.93624;-2.699426;-7.797053;-8.412917
2;81.934167;-5.599229;-52.199155;-205.07437
4;81.8283;-23.13231;-25.188129;-27.46486
4;81.67799;4.072399;-6.40807;-48.57409
4;81.5861;8.32529;-16.015572;-53.3949
2;81.57613;3.873098;-2.398809;-24.613552
4;81.57382;7.758162;-12.013956;-62.579191
4;81.51381;6.703606;-3.9671;-34.297051
4;81.44233;-16.249955;-17.747658;-27.521172
2;81.332214;19.51841;-22.439945;-44.820435
4;81.32994;7.6084;-1.443634;-31.806948
4;81.31119;-16.156766;-19.077001;-49.506287
4;81.30359;-17.942076;-18.68101;-48.862547
4;81.29191;-22.93491;-23.014424;-25.501425
4;81.19722;-24.75962;-24.827791;-24.957627
4;81.18658;-24.873682;-25.048288;-25.074977
4;81.1833;-7.364965;-26.355369;-60.393796
2;81.154605;2.544495;-17.088907;-33.884568
2;81.080734;-4.31905;-4.849931;-37.653178
2;80.853845;-23.238572;-23.249923;-29.953521
1;80.794692;25.71231;-27.688874;-31.120408
4;80.75821;-24.863392;-25.01921;-25.139715
1;80.740171;24.80462;-5.829292;-64.223067
4;80.67242;2.567699;-5.489501;-51.898286
4;80.56859;-21.735818;-28.048161;-28.545123
4;80.44329;-5.881528;-5.92551;-6.120131
2;80.429776;-5.072639;-8.100679;-15.30038
2;80.416166;-15.05212;-29.777631;-40.097733
2;80.407363;-5.881528;-5.92551;-6.120131
4;80.3868;10.460651;-14.557553;-16.158197
1;80.353156;-1.022387;-21.875471;-33.55707
4;80.33119;-18.841012;-18.851895;-18.942927
4;80.23884;-23.911416;-23.92336;-24.052944
2;80.230273;-19.74433;-19.77881;-40.345062
2;80.164891;-20.01831;-20.659268;-38.992155
2;80.161312;6.057421;-12.931282;-18.991803
4;80.15247;-14.111348;-19.023844;-21.737277
4;80.12261;-24.910369;-24.936695;-25.142816
1;80.099537;-7.228896;-40.546134;-60.838318
1;80.099537;-2.34554;-4.681881;-19.888147
1;80.099311;-4.738449;-4.822006;-5.040979
4;80.0579;9.49497;2.82883;-27.129328
4;80.01492;-23.73342;-23.85826;-28.55416
4;80.01492;1.097547;-33.133384;-75.921509
1;79.999531;-23.610004;-23.746162;-28.859489
4;79.97748;-20.533814;-26.258509;-26.965239
4;79.97691;-20.498144;-20.557939;-23.536151
2;79.968194;-24.788669;-24.887;-25.543691
1;79.940875;-24.922695;-24.92981;-25.122164
2;79.929381;-24.882838;-24.961285;-25.206669
2;79.918465;10.89957;-8.177584;-17.046145
1;79.886069;-21.031529;-21.157013;-21.314285
4;79.87907;-14.362623;-15.755289;-55.26107
2;79.868205;23.258276;-55.681807;-59.393232
2;79.862481;-6.24395;-6.333152;-25.969657
2;79.858399;-1.017695;-5.061226;-6.15968
4;79.84713;27.646563;-27.305423;-46.199667
4;79.84713;-4.577806;-4.591702;-12.033586
1;79.828531;-20.70725;-21.467345;-37.50045
2;79.822829;-21.89682;-21.96502;-33.892669
4;79.78835;-16.772847;-17.579931;-42.179324
2;79.771455;19.972131;-20.500256;-28.782823
2;79.753109;-20.358913;-21.464455;-38.191554
4;79.74985;13.286444;1.560459;-51.2858
4;79.72975;20.89518;3.81845;-147.487941
4;79.70784;-24.598242;-25.127112;-25.63662
2;79.704186;-20.358913;-21.464455;-38.191554
1;79.675053;8.381778;-4.569791;-23.834335
1;79.669742;19.972131;-20.500256;-28.782823
1;79.669742;-0.445887;-7.632805;-13.950951
4;79.55928;-14.666295;-25.666256;-62.46559
2;79.515398;-1.069029;-19.24093;-29.950888
4;79.48243;-8.455406;-18.636576;-28.806858
4;79.48036;-23.60131;-24.312049;-28.627159
4;79.48036;-23.18761;-23.26675;-23.271171
2;79.42541;-25.048208;-26.173106;-36.021181
4;79.38505;2.314549;-0.866088;-5.44362
4;79.37887;-19.97316;-20.12885;-20.162553
2;79.370875;61.792552;-64.382143;-116.625618
1;79.331308;-23.495374;-27.268631;-30.913983
2;79.330555;-17.599917;-17.652336;-17.7213
4;79.31897;0.74471;-7.06425;-8.978627
4;79.31809;-4.679195;-4.709209;-6.865008
4;79.22948;5.259313;-11.444872;-65.688071
2;79.215856;-8.572933;-8.755982;-12.763295
1;79.203652;54.164959;-34.16574;-108.711535
1;79.203652;-19.640522;-19.731455;-19.78232
2;79.191733;-6.043534;-6.84816;-81.00385
4;79.17253;1.151543;0.922629;-7.150539
2;79.126037;-0.294667;-0.3416;-1.816069
4;79.08633;-15.82457;-21.214886;-47.285238
3;79.04509;13.31427;-17.648466;-24.512589
4;78.97916;4.57315;-12.752597;-14.720306
1;78.945539;-14.966465;-22.674958;-47.634496
2;78.930698;-22.94405;-23.221771;-30.222374
1;78.874603;-23.531135;-23.718595;-29.089731
1;78.865551;-11.616307;-11.689731;-11.721852
1;78.788202;-14.702887;-14.732341;-14.825514
2;78.769273;-4.183779;-4.910773;-7.18574
4;78.70776;-3.455919;-3.57546;-7.363086
4;78.65083;3.225279;-0.664096;-8.721012
4;78.65048;-20.04418;-20.288368;-39.375295
4;78.62857;-24.55007;-24.592769;-24.962736
2;78.60559;-8.278766;-41.84421;-41.920819
2;78.601313;1.1937;-1.525811;-56.806837
4;78.59665;0.617033;-5.516722;-10.19044
4;78.54385;-14.20718;-16.464784;-54.504937
2;78.505773;-8.98607;-9.125346;-16.200782
4;78.50075;7.89445;5.981335;-27.989522
2;78.439018;4.716532;-10.812207;-11.545997
2;78.357993;23.117456;-8.117533;-39.410252
4;78.3291;25.75117;-54.033613;-55.06862
4;78.32636;24.155372;8.98794;-98.485058
4;78.31799;-7.350639;-12.809824;-25.681383
4;78.28994;31.703838;-9.635531;-104.461036
2;78.241351;-16.19665;-17.168016;-53.523467
1;78.240473;-24.697837;-24.70117;-25.628275
4;78.2322;2.28834;-11.570204;-39.802282
4;78.2322;-19.61546;-19.720576;-33.688375
4;78.06195;2.496129;1.321028;-8.715949
4;78.06195;-24.009899;-25.58805;-26.260335
2;78.049712;-21.192361;-21.20753;-36.201415
4;78.038;0.239484;-1.363899;-3.63952
1;77.904323;4.881648;-4.12175;-14.890669
4;77.83795;-13.557154;-13.562193;-13.609691
1;77.829764;-3.63069;-3.697874;-10.68118
1;77.775023;-1.47576;-1.889541;-22.060029
2;77.754516;8.73899;-10.358598;-22.632955
4;77.72716;-8.958099;-10.18841;-71.780577
4;77.69698;-18.454914;-18.4862;-28.92538
4;77.66396;2.184007;-12.122363;-16.301728
1;77.652833;-12.277205;-12.60622;-62.976377
4;77.64156;-23.974403;-24.41491;-27.759671
2;77.619499;-24.772845;-24.909744;-25.071554
1;77.614718;-24.93239;-24.951714;-24.998615
2;77.606065;-0.773453;-22.838757;-29.913162
4;77.55689;0.145015;-3.590817;-4.62291
4;77.52293;10.670393;-21.008648;-27.53733
4;77.52293;-14.731914;-14.818819;-14.91213
4;77.52044;-2.697323;-8.310672;-32.576696
4;77.48321;-6.785568;-6.817848;-7.146334
1;77.439162;-3.162118;-3.270021;-12.291442
2;77.387519;3.258041;-11.150943;-12.009615
1;77.342166;9.85553;-11.464879;-17.117393
1;77.306328;22.725411;-14.8288;-37.432476
4;77.23977;-15.294958;-21.225677;-27.357593
4;77.20674;-15.337406;-25.094573;-44.246715
1;77.159516;-4.73873;-46.870593;-114.812859
4;77.14608;-24.436495;-24.801914;-26.137857
1;77.141267;-23.935659;-24.879384;-27.845813
1;77.119573;-20.73413;-20.956456;-20.992845
4;77.06515;-11.05514;-13.672153;-14.656439
4;77.02063;-15.72126;-29.819342;-34.230853
4;76.99589;-2.033984;-13.19149;-17.196802
4;76.97795;6.32272;-2.696817;-19.386505
1;76.933496;6.481361;-17.841663;-57.808318
4;76.9294;-6.67551;-7.46071;-17.179488
4;76.92104;2.531894;-3.85046;-4.55737
4;76.91417;3.836938;-15.535403;-25.87535
2;76.790499;-10.541349;-11.564606;-14.373046
2;76.775273;24.7862;-30.634506;-32.392311
4;76.75755;6.483396;2.623154;-22.950353
4;76.71318;9.577919;-4.948222;-15.648574
4;76.71104;-17.15307;-18.492417;-47.253138
4;76.69796;-13.650818;-29.740323;-43.93512
4;76.66085;-23.610004;-23.746162;-28.859489
4;76.59703;3.623828;-2.034033;-9.86611
4;76.5772;-9.902167;-33.678711;-46.64974
1;76.540528;-20.01831;-20.659268;-38.992155
2;76.537101;-6.48262;-7.142675;-80.123064
4;76.53684;7.72228;-5.090413;-24.135126
4;76.5321;14.982783;-13.842072;-62.261166
1;76.502436;4.881648;-4.12175;-14.890669
4;76.44201;56.987628;-44.949395;-70.777372
4;76.44056;-24.208559;-24.430385;-27.20764
4;76.43996;16.12541;-0.620406;-38.150311
4;76.41248;-8.28054;-8.433445;-31.055962
2;76.388209;-22.669664;-27.619074;-28.57681
4;76.33946;-23.459722;-23.55137;-23.706307
4;76.33278;0.534175;-8.774567;-17.52746
4;76.31617;22.718247;-55.694921;-89.90686
4;76.2889;-4.770889;-4.797452;-4.943494
4;76.27192;-18.889988;-18.901748;-18.913991
2;76.257317;-12.732951;-27.828628;-62.921896
4;76.21565;-24.769598;-24.87029;-25.341092
4;76.21565;3.651829;-6.196397;-9.41684
4;76.20998;-9.081034;-9.848259;-40.153059
1;76.208061;18.82628;-24.529131;-51.65008
1;76.208061;11.64072;-14.856973;-29.069399
2;76.194487;-19.829752;-19.89447;-19.914372
1;76.148998;-3.509477;-3.57682;-16.582993
2;76.145848;43.624398;-7.256533;-87.715771
4;76.13058;-24.922695;-24.92981;-25.122164
4;76.12065;-2.540019;-21.599849;-33.747693
4;76.09647;-0.86603;-3.92695;-11.371312
1;76.094751;4.548229;-8.314315;-12.389605
2;76.092016;-8.24393;-8.24934;-8.258216
2;76.030655;2.95804;-11.191486;-24.867167
4;76.00061;-21.512533;-41.910587;-55.511257
4;75.95426;-24.902184;-24.91106;-25.144961
4;75.9366;19.046779;-15.544969;-22.766635
1;75.923104;9.876599;1.224346;-24.121793
2;75.908881;3.836938;-15.535403;-25.87535
4;75.90225;-24.862894;-24.976244;-25.03936
1;75.901994;-3.067938;-16.545853;-21.43198
2;75.858287;7.620975;-9.734955;-24.805734
2;75.854737;-17.553014;-17.581781;-17.716582
2;75.846587;5.733;-9.279164;-12.620228
4;75.83631;-6.495257;-6.508432;-7.25561
1;75.827523;-8.447494;-43.579733;-44.939629
4;75.81873;-17.146249;-31.234956;-34.370637
1;75.785307;-2.005864;-2.020442;-9.642973
4;75.78101;2.95804;-11.191486;-24.867167
4;75.77803;-9.25229;-9.261232;-49.875383
2;75.774476;-2.409178;-2.453779;-2.555442
2;75.766682;-12.48704;-12.491852;-12.52831
4;75.76351;-23.050834;-23.515415;-30.411706
2;75.762652;-9.20393;-10.516893;-70.620172
4;75.73574;-0.354879;-0.967044;-1.87917
2;75.658835;0.363971;-5.50217;-9.709714
4;75.64546;9.15914;-2.052051;-22.749197
1;75.633462;-16.59558;-19.176321;-47.53949
1;75.624398;0.069734;-7.114935;-9.08186
4;75.56968;-44.80927;-55.997286;-59.61658
4;75.54926;-7.982854;-30.244672;-56.032739
1;75.539191;-14.58964;-14.956347;-54.864282
4;75.53274;-3.847731;-4.433972;-6.530468
4;75.51311;-19.040683;-24.168629;-38.364509
2;75.504405;-7.609481;-7.643803;-9.209606
2;75.501471;-22.382716;-22.5342;-22.60276
2;75.498554;-15.813782;-15.848734;-37.05812
3;75.488919;-3.819171;-3.827602;-6.596422
2;75.477178;-24.266857;-25.305925;-26.18986
2;75.465605;0.54989;-23.225973;-30.328879
2;75.45891;-8.16252;-8.215022;-8.232683
4;75.45837;-24.764872;-24.976663;-25.29964
2;75.455044;-7.386748;-7.397152;-14.889287
2;75.41565;16.48613;-28.999122;-36.00928
4;75.39902;-2.891057;-11.861989;-15.65246
4;75.37626;-22.6108;-23.075434;-31.928477
4;75.37474;-24.823656;-24.83479;-24.853196
4;75.3736;-14.393734;-27.270187;-35.482158
4;75.36197;-7.796968;-7.95974;-7.97271
4;75.3594;-16.868629;-20.59326;-37.011216
1;75.356655;25.56365;-26.88284;-44.850577
4;75.35527;-1.032335;-50.23309;-63.592681
4;75.34598;26.07042;-6.704845;-50.729809
1;75.342715;-9.983815;-13.051747;-40.08066
1;75.332709;-18.66791;-18.84857;-44.422044
1;75.294625;-15.31907;-19.707384;-41.748815
2;75.286746;26.226787;-25.31774;-27.68565
2;75.286746;20.547076;1.599752;-47.972896
4;75.26686;-14.69664;-14.69973;-14.728873
4;75.25914;-3.19391;-9.429652;-14.467888
2;75.242707;-8.280312;-9.236736;-26.35342
2;75.219367;-7.046295;-13.832039;-33.46956
4;75.19649;0.749043;-8.77185;-17.34945
1;75.177262;-1.712469;-10.206504;-16.642594
1;75.176076;-17.906215;-18.494986;-25.130042
1;75.171183;5.763562;0.568212;-44.377502
1;75.171183;-2.58978;-20.979798;-32.669704
2;75.158028;6.4936;-28.647446;-89.339421
2;75.151076;0.749043;-8.77185;-17.34945
4;75.14684;1.729391;-9.36945;-94.725841
2;75.139529;5.461892;2.676174;-36.514579
2;75.139529;-16.086615;-58.938013;-67.432685
2;75.135785;-7.60534;-8.463598;-75.871959
1;75.124361;-19.68944;-19.891131;-19.938203
2;75.116095;3.72571;-5.075292;-9.38471
2;75.113514;1.998924;-1.683907;-9.682066
4;75.11026;5.5995;5.497179;-42.092294
2;75.095152;2.878517;2.23939;-31.307499
1;75.087343;6.27824;-5.50686;-8.871443
2;75.08521;-2.155776;-12.498521;-19.036564
1;75.077981;-7.386748;-7.397152;-14.889287
4;75.06896;-9.79084;-38.5761;-41.79361
4;75.06193;39.663452;-19.367489;-62.5365
2;75.060936;-17.84369;-19.286757;-45.746279
4;75.05813;-24.899165;-24.91057;-24.957746
4;75.05679;10.102512;-19.254633;-25.461929
4;75.05483;-3.2518;-43.280113;-49.835078
1;75.053299;-16.455327;-16.527698;-16.566246
4;75.05079;-13.137978;-13.20394;-13.257812
1;75.049869;-7.721012;-7.780179;-10.656823
2;75.047899;20.34295;-29.7936;-31.672386
1;75.043988;21.46805;-23.902033;-25.198065
4;75.04371;-24.88985;-24.933498;-25.323504
4;75.04371;-0.11325;-1.072443;-1.600808
4;75.04282;-24.90713;-24.915948;-24.956132
4;75.04117;-1.468124;-15.103695;-82.793785
4;75.04117;-24.81344;-25.057757;-25.172791
4;75.04117;-8.954728;-13.192204;-15.608887
2;75.037098;-6.715636;-44.600246;-100.347799
1;75.032012;-17.795477;-25.685759;-30.587239
4;75.03091;-9.005553;-10.42209;-76.146793
4;75.03073;1.225152;1.19455;-8.404595
4;75.02983;-15.998487;-19.569686;-48.501792
2;75.028163;3.132214;0.073112;-7.757657
1;75.027281;23.30539;-22.882817;-35.536116
2;75.026719;1.484799;-1.589817;-4.020463
2;75.022319;-21.540651;-21.695543;-35.471572
4;75.01918;36.682927;-34.945595;-52.393522
2;75.018961;-23.74585;-23.745944;-28.600211
1;75.018128;-12.033735;-15.716429;-16.619181
1;75.017347;-24.764872;-24.976663;-25.29964
2;75.011345;-7.546919;-59.418509;-62.866664
4;75.00779;-22.902149;-22.92537;-24.455538
2;75.000296;-0.964071;-16.902212;-17.8426
4;74.99906;-12.231812;-14.342372;-19.896354
4;74.99878;-3.801022;-4.950882;-21.690824
4;74.99694;-9.459204;-20.975951;-109.214733
4;74.99694;41.729847;-44.853475;-51.754121
4;74.99455;-23.233263;-23.256721;-28.64954
4;74.99455;3.804872;-10.41442;-30.34357
1;74.99019;-1.032335;-50.23309;-63.592681
4;74.9899;-1.048615;-3.032138;-14.250311
4;74.98987;0.69166;0.556363;-21.861617
4;74.9845;17.372351;-11.16287;-26.503593
4;74.98293;-24.904924;-25.030037;-25.095771
4;74.98188;-24.764872;-24.976663;-25.29964
4;74.98097;11.53015;-34.32915;-88.15964
1;74.977182;10.260853;-21.046993;-29.418814
1;74.974671;-15.191729;-31.348708;-38.6629
1;74.974671;-2.123438;-3.517762;-5.193922
1;74.96424;-14.57475;-32.030259;-38.917753
2;74.958208;-8.840077;-24.037922;-58.473281
2;74.956029;3.464383;-6.801042;-9.06178
2;74.952767;-24.450772;-24.981197;-26.386769
2;74.951803;7.66635;-18.469394;-28.05497
1;74.950649;-41.21349;-44.083827;-65.823765
4;74.94681;-7.679612;-7.716785;-8.13179
4;74.94681;-9.296372;-9.32582;-9.384546
1;74.943016;-23.1142;-24.822975;-29.837845
1;74.942356;14.16436;-51.044542;-82.455944
4;74.93956;-23.673892;-23.845993;-28.480737
4;74.92313;-20.69072;-27.607264;-30.63271
2;74.919742;-17.215922;-17.54945;-47.962428
4;74.91659;-12.614596;-15.932906;-27.966059
4;74.91659;13.52488;10.750258;-50.602478
2;74.904958;-10.40151;-11.51021;-48.768984
4;74.90373;-9.32622;-15.521268;-65.427805
4;74.9028;2.200806;-2.180383;-7.587634
2;74.898233;5.51794;-0.89927;-31.140328
2;74.895118;-15.011447;-18.59914;-42.926254
2;74.89162;-9.392101;-9.412915;-9.456275
1;74.885458;-6.622962;-13.328115;-52.198498
1;74.882729;-21.752714;-21.771392;-35.072548
4;74.8785;28.284599;-19.938962;-70.09293
2;74.874927;-18.988477;-19.44968;-42.642575
2;74.859811;11.988173;-6.596282;-47.01354
4;74.8455;-9.726684;-9.804205;-22.985722
1;74.823163;-23.346757;-23.483468;-29.882962
4;74.82078;0.107471;0.021451;-20.76235
1;74.81887;-23.233263;-23.256721;-28.64954
4;74.81053;1.079372;-1.994925;-18.982465
1;74.779629;-20.460835;-27.244039;-31.467662
1;74.779219;1.69535;-9.51108;-15.40115
1;74.767484;-0.942512;-18.961814;-26.979697
2;74.758619;-24.73937;-25.10694;-25.117931
4;74.75414;0.213407;-4.30125;-20.425595
1;74.747246;19.0123;-7.564966;-35.443958
3;74.721789;3.46492;-20.901079;-85.997819
4;74.69578;0.944953;-22.247236;-29.845548
3;74.694517;-23.444415;-23.479815;-23.515302
4;74.69134;-24.862222;-24.925747;-25.193914
3;74.686072;4.06815;-10.260321;-19.023525
4;74.5709;3.051474;-1.83003;-19.390317
1;74.560472;-24.894177;-25.049618;-25.252704
1;74.545045;-3.228142;-3.244821;-6.076491
4;74.53662;30.9052;-28.771289;-34.207416
4;74.51164;-7.778557;-9.596379;-75.23735
1;74.504932;-3.619284;-12.798015;-24.144292
2;74.47311;-23.824846;-24.12942;-27.947726
4;74.44648;-21.681488;-24.034425;-33.48773
2;74.394582;-1.22648;-25.090441;-26.017605
4;74.39384;-1.836218;-1.89738;-2.441924
4;74.39384;-15.22888;-15.257824;-15.261927
1;74.35454;-19.84548;-25.326183;-34.993223
1;74.337101;-8.316186;-8.365294;-33.921846
1;74.324293;0.45298;-13.287076;-23.67781
4;74.22759;-6.441027;-6.573214;-11.606579
4;74.21665;12.066847;-10.292982;-22.746799
3;74.190939;-16.35959;-31.582121;-35.830537
2;74.182737;-14.898763;-14.901159;-15.201187
2;74.142692;-7.141311;-7.15111;-7.374852
2;74.105581;-21.018673;-25.04113;-31.844516
4;74.06847;-12.880932;-13.028182;-14.089747
2;74.067479;-12.505067;-18.049539;-56.986525
1;74.020482;-19.64805;-29.61301;-30.900247
2;73.963963;8.516625;-13.888045;-34.240046
4;73.88865;41.57936;-9.216718;-74.036207
4;73.88865;20.537032;-33.121343;-41.017831
1;73.823348;-21.681488;-24.034425;-33.48773
4;73.75756;4.81383;-1.303911;-8.501467
2;73.628295;-0.109716;-1.770901;-3.67493
1;73.405713;-3.88865;-4.38826;-21.799556
4;73.36423;-3.139091;-10.80636;-11.725619
4;73.30533;7.97851;1.058287;-17.571246
4;73.02561;-16.293853;-33.378717;-34.848082
2;73.024421;18.70365;-15.616136;-26.425716
1;72.886398;-15.694434;-15.806491;-54.346204
4;72.87086;-22.377791;-22.421301;-28.0873
2;72.818595;-15.489925;-27.334777;-42.457343
4;72.80234;-20.148153;-20.18157;-39.423378
1;72.798348;5.968541;-13.079051;-24.09905
2;72.664961;6.283237;-2.069227;-17.894759
4;72.61119;-3.139091;-10.80636;-11.725619
4;72.55836;-10.380504;-34.040387;-44.418675
1;72.379468;-32.547201;-73.091879;-84.211272
4;72.3388;-16.180125;-16.423138;-22.971751
1;72.225788;-3.204527;-4.852031;-5.812819
4;72.14957;-13.256147;-13.306664;-13.366967
2;72.086335;9.22171;-32.373977;-87.218549
4;72.06583;-11.540112;-11.634802;-15.028247
4;71.98773;4.0568;-0.67247;-14.604248
1;71.887728;-24.839157;-24.963467;-25.552653
4;71.87363;26.259982;-33.796487;-36.152073
2;71.871629;-2.986504;-14.075286;-44.740647
2;71.835968;-3.60892;-3.852111;-18.315999
4;71.80346;-18.41101;-19.97418;-42.947017
4;71.75864;-24.37026;-24.493188;-26.640942
4;71.73852;-7.141158;-25.715137;-59.703803
1;71.726604;-24.477242;-24.50115;-26.395207
1;71.7016;-1.50965;-1.536398;-21.126252
1;71.7016;-24.550446;-24.88763;-25.283708
2;71.664186;-13.947673;-15.120079;-15.422382
1;71.661877;-13.752728;-13.757606;-13.761129
4;71.53536;1.148056;0.94848;-39.721138
1;71.491508;-21.950186;-27.119545;-28.413481
4;71.45075;-21.709938;-22.02777;-34.311995
4;71.40153;-8.19098;-20.9702;-33.156089
4;71.33764;-21.614881;-21.74004;-34.886426
1;71.315485;1.54665;-71.014888;-79.056339
4;71.31468;8.533134;-12.74179;-19.735416
4;71.20953;14.8007;-36.596079;-96.320749
4;71.15475;-17.411987;-17.757924;-47.15826
4;71.0589;-10.64525;-10.661976;-10.72488
2;70.851074;16.679552;-10.198513;-27.003152
4;70.71739;-24.158687;-24.190301;-24.20938
1;70.680709;0.949347;-0.418163;-16.08599
4;70.63092;19.315942;-0.56266;-41.609204
4;70.43953;-1.41674;-1.736091;-21.191396
4;70.38391;-19.394425;-19.45848;-20.211401
3;70.283059;17.26859;-11.033574;-64.964018
2;70.18918;1.235401;-10.63491;-16.014287
2;70.172466;-13.156959;-13.180336;-13.207378
4;70.10501;2.81912;-2.881397;-11.112083
1;69.993495;-15.599298;-15.623483;-16.599858
2;69.98972;8.681545;-10.257144;-13.509965
2;69.788085;-14.680716;-14.743777;-15.003811
4;69.77643;-9.64582;-18.927005;-47.201649
2;69.725535;-38.098334;-41.025958;-55.745441
1;69.558124;-16.03542;-27.671551;-40.377113
1;69.486215;-24.792133;-25.014089;-25.11351
2;69.433713;0.807087;-15.760401;-60.882992
4;69.38529;24.835965;-27.469391;-40.727394
4;69.31473;-11.597011;-12.00421;-64.448426
1;69.173833;25.39245;-43.757585;-70.140967
4;69.16861;-15.16478;-33.64138;-33.86016
2;69.165674;3.833181;-17.446689;-22.31852
1;69.0614;-9.632551;-9.640356;-22.548149
2;69.059966;-13.859677;-31.185462;-41.036371
4;68.76148;-2.014208;-10.586998;-32.99237
2;68.720646;8.199779;-6.44752;-13.046383
4;68.55615;-0.657567;-0.927417;-5.767899
1;68.519596;-21.80079;-22.179041;-34.808365
4;68.51507;42.26773;-51.963893;-76.502067
2;68.427473;-18.694459;-18.934933;-43.956712
1;68.388915;24.089332;-23.073188;-40.073587
1;68.385467;30.389673;-24.000134;-58.396086
2;68.382257;1.133397;-2.08487;-5.708655
4;68.33765;-1.44874;-16.384913;-24.240797
4;68.23733;13.257823;-30.420578;-90.479932
3;68.142525;-11.167059;-11.429963;-13.222965
4;68.07848;-19.011287;-19.079129;-19.16956
4;68.02923;-0.773129;-9.978258;-26.477305
4;67.96;8.92929;-5.921319;-18.166353
4;67.90625;-20.303571;-21.15451;-38.364732
4;67.8913;-24.580075;-24.924026;-26.273933
2;67.840057;-19.019164;-19.053461;-34.266175
4;67.52086;3.992746;0.339021;-11.81474
2;67.519682;2.622199;-2.159855;-3.63642
2;67.42373;-14.507787;-35.002036;-37.39622
4;67.32393;-19.195844;-25.809265;-37.566406
1;67.280209;-21.48724;-22.176599;-35.210752
4;67.17681;-5.495773;-9.913755;-30.959242
2;67.047608;-21.92783;-22.63017;-33.682465
4;66.83498;-0.448372;-10.338808;-16.455449
2;66.736822;-17.969631;-30.730565;-33.416495
2;66.532831;-20.051526;-20.197044;-20.872308
2;66.520846;-22.833552;-23.059088;-48.576923
4;66.51398;1.050619;-6.463361;-11.82857
4;66.2277;1.467048;-6.158119;-6.80666
1;66.167948;-0.656049;-28.723279;-40.005966
4;65.93064;-24.899783;-24.900064;-25.20044
1;65.924441;5.17737;-8.8812;-32.058565
4;65.87238;-15.847929;-15.889767;-52.321959
3;65.866504;-12.604582;-34.288493;-42.178439
2;65.862412;0.707553;-0.097456;-3.44541
2;65.599209;-19.39518;-19.987881;-40.585129
1;65.592868;-18.593244;-18.646224;-43.947116
4;65.53069;12.750697;2.226254;-32.023413
2;65.395018;0.893816;-26.985805;-31.396102
1;65.341735;15.24343;-14.262557;-45.117499
1;65.307574;-12.73814;-13.103775;-20.22729
1;65.225934;15.44074;-11.760477;-36.038889
1;65.181744;-20.048813;-24.201889;-35.499154
2;65.086047;-14.37421;-19.850446;-39.739298
4;65.07532;-15.964741;-16.155622;-33.410325
2;65.072412;-5.906827;-5.910102;-5.92448
2;65.072412;-24.93347;-24.982775;-25.07394
4;65.03952;11.084617;6.62983;-34.408609
2;64.979697;-3.618382;-3.69641;-3.74249
2;64.968371;-4.178734;-10.440229;-17.267522
1;64.866304;7.83689;-18.576087;-21.928748
4;64.85639;-16.4294;-22.411322;-32.650779
4;64.7169;-13.167136;-34.456272;-43.409378
4;64.67881;21.939696;-35.848525;-36.245611
4;64.59223;6.05196;-2.512438;-9.783708
2;64.544428;21.27907;-18.802524;-37.683294
2;64.434204;5.780886;-3.14794;-27.6141
2;64.42945;-4.350194;-9.569237;-14.595382
4;64.40831;-20.303338;-20.358731;-20.49172
1;64.291879;-2.5664;-32.900027;-61.578427
2;64.242943;-61.568329;-110.694505;-126.159583
2;64.236589;-21.440652;-22.204739;-34.855348
4;64.09721;-11.418204;-11.474776;-18.69522
2;64.085574;25.279134;18.613898;-71.299906
4;64.07805;-10.274155;-10.735626;-26.895762
1;63.896281;2.40476;-13.142635;-26.674973
4;63.87823;-15.599298;-15.623483;-16.599858
2;63.822259;-16.75715;-16.885614;-40.180581
4;63.68429;-5.076952;-16.219143;-24.445282
4;63.6309;12.947927;-8.720895;-17.651437
4;63.50283;-24.84215;-25.061234;-25.273874
2;63.470969;15.27304;-24.564984;-32.638181
4;63.46795;-22.164742;-22.77866;-32.577036
4;63.43231;-2.5664;-32.900027;-61.578427
4;63.2105;-2.906649;-12.366794;-58.954147
4;63.19662;-4.80459;-4.861592;-12.233724
2;63.116225;-2.54589;-2.560894;-2.590756
2;63.09691;15.088719;-22.983146;-40.474881
4;62.87605;1.133397;-2.08487;-5.708655
4;62.85633;-7.13641;-40.515318;-44.942606
2;62.683438;-2.01778;-5.12757;-12.71192
4;62.61208;-7.141158;-25.715137;-59.703803
4;62.5744;15.577503;2.12559;-37.054825
4;62.49326;-24.805983;-24.825912;-25.063885
1;62.439031;11.473382;-14.621646;-35.724921
4;62.3245;-8.173116;-16.015181;-28.17009
2;62.317279;-24.680824;-24.816751;-24.83952
2;62.274248;-20.197116;-30.540548;-57.418109
4;62.24494;7.234154;-9.210017;-16.127368
4;62.21393;-24.431599;-24.729191;-26.19861
4;61.82138;-16.03542;-27.671551;-40.377113
4;61.80243;21.76596;-42.308219;-44.17464
1;61.747297;-24.848379;-24.978123;-25.120311
4;61.58985;-22.679391;-23.517719;-31.63265
1;61.546199;-5.906827;-5.910102;-5.92448
4;61.53124;-16.950221;-23.799215;-42.044527
4;61.51878;-6.440833;-6.59642;-52.14448
4;61.51878;41.092362;-36.09258;-99.65017
4;61.38663;7.628088;-7.721259;-14.125852
4;61.35725;3.05098;-5.166185;-21.160818
4;61.24911;-14.877481;-17.468965;-34.1744
1;61.153793;-15.16078;-47.391836;-49.430316
4;61.12088;-17.300305;-27.242967;-66.819349
4;61.12045;9.989736;-14.60005;-22.742507
1;61.085171;-0.00524;-0.104899;-8.111381
2;60.829075;31.457046;-2.090485;-78.07622
2;60.723938;16.3926;-9.171609;-28.195001
4;60.66609;0.891369;-2.461276;-12.28556
1;60.66431;41.423611;-20.758422;-85.09939
1;60.66431;-2.96427;-49.949992;-66.342054
4;60.64846;1.805768;-15.292327;-16.27567
1;60.494969;-5.017842;-19.072136;-43.233944
1;60.264571;-15.266825;-31.233054;-76.844696
4;60.26179;16.06748;-42.51367;-95.795432
4;60.02541;-23.82615;-23.965684;-24.011627
1;59.92403;-15.16478;-33.64138;-33.86016
4;59.92349;-24.760656;-24.775929;-25.154756
1;59.638603;-5.22594;-11.633188;-17.633529
4;59.5993;-9.99749;-11.591496;-68.629383
1;59.518777;-8.86565;-10.849319;-14.11648
4;59.18774;-13.167136;-34.456272;-43.409378
2;59.154295;7.52956;7.023651;-35.990597
4;59.11441;-20.772374;-20.782496;-21.019537
4;59.08235;1.665612;-12.266805;-30.511652
1;59.064315;-12.68982;-26.50657;-48.204694
2;59.048876;-24.912887;-24.961904;-25.02344
4;58.97632;19.19957;-63.517231;-78.064857
4;58.97632;6.10991;-7.438784;-9.506196
2;58.935126;-16.856588;-17.83716;-42.612576
2;58.84283;7.474583;-13.457778;-21.351189
4;58.73914;-15.254743;-15.359647;-16.220395
2;58.729;-3.3586;-14.678426;-40.898096
2;58.630586;9.512863;-15.377602;-17.084519
2;58.575309;-16.753627;-47.38512;-73.933452
2;58.400702;21.608287;-54.071373;-89.02156
4;58.3794;-13.859677;-31.185462;-41.036371
2;58.33526;-24.509043;-24.538568;-26.41129
2;58.33237;-24.921474;-24.948078;-25.114952
4;58.2127;-24.848379;-24.978123;-25.120311
4;58.2127;-9.249637;-38.12073;-44.174233
4;58.07693;-9.584431;-36.654998;-43.958054
4;57.98219;-24.79002;-24.917217;-25.235115
4;57.88756;-19.35177;-19.468924;-41.418147
1;57.764167;-5.653252;-16.12061;-17.289344
2;57.664525;-14.149296;-14.403882;-26.615774
2;57.635943;0.721841;-1.62069;-31.98537
4;57.63212;9.162895;-15.9497;-62.771311
4;57.48809;9.726102;-15.521725;-44.224574
1;57.352931;3.82454;-6.541703;-7.676073
4;57.26374;-15.847929;-15.889767;-52.321959
1;57.259978;5.825488;-22.495872;-38.287806
4;57.13895;-17.404712;-25.291159;-40.309266
4;57.02233;5.847869;-3.188651;-14.040558
1;56.86631;1.41048;-2.789223;-8.562861
1;56.86631;0.75329;0.135852;-17.710274
1;56.84351;-6.02284;-40.22536;-47.538608
1;56.721581;12.994014;-17.676117;-17.765014
4;56.70572;-12.777326;-15.41374;-26.487914
4;56.66418;-3.624517;-4.748695;-11.63454
4;56.63583;-2.90486;-2.925596;-13.44092
4;56.59669;-9.572059;-20.14712;-33.37772
4;56.51356;-2.296941;-14.105888;-81.079947
4;56.4891;44.911734;-20.372053;-98.933539
2;56.454932;-32.548263;-32.86319;-109.872965
2;56.284297;-18.647643;-25.532009;-37.017567
2;56.239283;13.763226;-18.492972;-25.090386
1;56.21102;-21.906789;-23.544914;-32.245284
4;56.19188;20.876979;-0.893146;-43.147414
1;56.023146;-17.962831;-17.99833;-18.383259
4;55.89971;-1.974781;-22.107656;-46.022573
4;55.89883;-24.4899;-24.954562;-25.91219
4;55.85611;-24.929464;-25.025682;-25.088569
4;55.84336;-11.061995;-11.342647;-32.533532
4;55.72274;1.402876;-7.900304;-18.412924
4;55.71617;0.99701;-3.483604;-7.4274
2;55.641581;-22.682883;-22.764974;-31.71166
4;55.57501;-23.924381;-26.141411;-26.374768
2;55.572435;3.975631;-20.1301;-31.182841
4;55.50087;-12.19787;-12.202639;-12.227328
1;55.465795;26.54273;-68.669985;-84.574022
4;55.22902;0.849107;-5.366407;-7.29306
4;55.16895;-17.63777;-17.746478;-17.759063
4;55.15393;-9.577807;-10.992791;-31.617609
2;55.128176;-24.84336;-25.014497;-25.027594
1;55.101445;-24.816733;-24.895007;-25.45944
1;55.097072;-14.539718;-14.548051;-14.627614
4;55.09097;-1.119788;-6.49457;-19.665152
4;55.03651;4.421231;1.340072;-16.829774
4;54.95819;1.069838;-1.307313;-7.00865
4;54.93817;0.232181;-46.946506;-65.297937
4;54.87775;-24.139731;-24.20653;-24.264939
4;54.87247;-6.21735;-6.220541;-8.895624
4;54.82009;-20.769905;-22.28673;-36.829431
1;54.791062;-0.451853;-6.12151;-13.940467
1;54.685836;3.74863;-6.85901;-101.920972
4;54.67898;-15.463272;-64.092059;-64.478655
4;54.63967;-1.57439;-7.959868;-36.190037
1;54.632707;4.5184;-9.26663;-12.417496
1;54.602292;-24.28772;-24.54054;-26.587386
4;54.53631;21.96416;-20.666843;-49.765849
2;54.531655;-9.65368;-10.16349;-11.960578
2;54.452991;4.081828;3.69294;-112.139741
4;54.34789;3.392225;-2.215473;-44.769047
2;54.344425;3.18077;1.948332;-8.313241
1;54.343686;-8.031131;-13.688201;-17.99275
4;54.3163;-9.60812;-34.185591;-46.497001
4;54.31323;-10.327096;-10.377051;-10.465166
4;54.18167;-12.186589;-23.844677;-24.617202
4;54.16147;27.60674;-23.945361;-38.210563
2;54.106558;-24.925711;-24.98125;-24.995841
4;54.00364;0.608492;-37.545399;-46.939877
1;53.90791;3.567428;-6.127315;-43.365304
2;53.851475;-24.90027;-24.964983;-25.222083
4;53.75964;-10.989712;-11.444093;-15.881267
2;53.745622;-8.510517;-8.588811;-21.21223
4;53.60214;-9.871534;-9.954758;-21.924593
2;53.551715;5.33298;-4.877148;-24.451666
2;53.551715;-14.524786;-21.398463;-49.809485
4;53.52537;-15.442236;-15.448947;-53.314453
4;53.43967;10.13964;-8.914635;-18.408889
4;53.40698;35.800396;4.323148;-91.846703
4;53.3682;-9.881855;-21.476292;-27.04255
4;53.14331;11.01212;-30.095847;-32.036889
2;53.110522;0.444732;-4.072444;-5.618245
2;53.004954;-5.947298;-6.023819;-16.669536
2;52.97356;-23.451149;-23.480641;-23.699138
4;52.85137;-16.469797;-16.504908;-21.62758
4;52.57495;-6.204578;-6.91326;-80.578661
4;52.48352;-24.954885;-24.96745;-25.228746
4;52.38719;-23.010632;-23.087335;-30.897927
4;52.37159;-14.630662;-14.63886;-41.789385
4;52.37159;-14.444763;-14.46664;-14.521415
4;52.35839;7.630121;-24.585361;-32.087782
1;52.334535;-21.260381;-21.4092;-35.562628
4;52.1882;-9.216605;-9.57189;-72.141103
4;52.00655;-25.019917;-37.504788;-91.997761
4;51.78758;7.825497;-57.827477;-58.663227
4;51.72316;19.58609;-16.260806;-38.746528
1;51.706781;-15.344696;-15.5533;-53.790728
4;51.34791;-6.68292;-30.363302;-56.758802
1;51.247751;10.675858;-8.919713;-46.308118
1;51.233116;-17.237851;-17.24862;-25.437029
4;51.22401;34.58966;-85.138355;-88.152337
4;51.16316;-4.5095;-30.65007;-60.0133
4;51.14783;-7.751627;-7.897559;-8.374237
2;51.120612;41.4168;-36.756217;-85.400765
4;50.90975;-24.794777;-25.04181;-25.321433
1;50.87881;-23.70883;-24.983308;-27.59677
4;50.86208;-23.724831;-23.74343;-28.156134
4;50.65619;-11.81257;-11.83848;-11.84331
4;50.65214;-10.166443;-11.170929;-20.283713
4;50.60332;-24.398191;-24.580158;-26.47669
4;50.50696;-23.83413;-24.152885;-28.20747
2;50.260851;16.701253;-16.749348;-30.362826
4;50.19092;9.320271;-14.872134;-51.711878
4;50.17897;0.445879;-47.645116;-53.034375
4;50.17897;-16.44858;-16.488469;-16.502109
1;50.160712;15.972444;-55.114937;-77.05266
4;50.15444;-20.351188;-21.366093;-21.49322
4;50.14523;-18.743307;-29.377008;-33.171597
2;50.077556;40.686073;-22.251809;-83.40263
4;50.0202;-23.49301;-23.52467;-29.422287
4;49.90897;2.358963;-1.072138;-34.594986
1;49.841236;-7.609883;-7.63909;-7.67343
4;49.76223;-21.654194;-21.738565;-34.130182
4;49.7331;-24.816733;-24.895007;-25.45944
4;49.7331;-20.400232;-20.93923;-38.031405
4;49.54927;12.626968;-21.716739;-26.37924
2;49.439161;2.223811;-2.197293;-2.546676
4;49.4208;-9.60812;-34.185591;-46.497001
4;49.35352;-5.360187;-29.401813;-57.103638
4;49.27187;-24.929464;-25.025682;-25.088569
1;49.256187;-23.256579;-23.421512;-23.51108
4;49.08414;-14.02381;-17.113305;-40.698849
4;49.07224;20.765346;-45.285708;-60.802583
4;49.07224;1.824103;-6.64856;-10.338873
4;49.04891;44.911734;-20.372053;-98.933539
4;49.04302;-25.031412;-25.14373;-25.323405
2;48.841831;-24.914025;-25.035699;-25.06162
4;48.7632;-19.771853;-22.504428;-38.11053
4;48.76;-17.853723;-29.339221;-34.743298
4;48.70966;-5.070589;-12.842393;-16.1685
4;48.69549;-9.65368;-10.16349;-11.960578
4;48.54903;-22.198413;-34.58787;-38.374504
2;48.544966;9.40231;-12.733789;-22.632458
2;48.522268;7.40654;-55.376085;-60.066397
4;48.50916;-22.713018;-25.399728;-29.127028
2;48.468528;-19.48931;-21.299232;-39.564613
4;48.4413;-22.491084;-22.5945;-32.256575
4;48.42897;1.38388;-10.205523;-25.397911
1;48.393498;-13.850523;-13.949576;-35.056239
4;48.3693;1.38388;-10.205523;-25.397911
4;48.08793;30.597993;-33.150607;-75.991246
4;47.90554;0;0;0
4;47.82264;-2.41083;-14.879731;-22.828136
4;47.82264;-21.260381;-21.4092;-35.562628
2;47.769956;-2.943477;-11.16746;-16.28772
1;47.741963;2.14687;-1.16027;-11.617026
2;47.645146;-7.81808;-28.192438;-33.163312
4;47.43803;0.38825;-2.063675;-17.759322
4;47.40236;11.11703;-15.747986;-32.380533
1;47.337311;-21.40124;-21.492593;-22.085856
4;47.25956;-22.535233;-22.682235;-22.68879
3;47.236376;1.601767;-8.524701;-10.47883
2;47.066825;-6.793365;-6.809777;-21.924593
2;46.888708;-18.545417;-18.83011;-43.478319
4;46.88402;-12.825875;-14.874207;-18.781672
2;46.883799;-5.11838;-5.137279;-5.443787
4;46.83478;14.42416;-10.845496;-18.987951
2;46.822168;-21.406774;-21.558035;-28.793837
2;46.822168;7.990815;-3.59399;-15.337632
2;46.822168;13.904745;1.567449;-64.167693
3;46.797907;-14.534551;-15.27353;-55.762426
4;46.78836;16.632611;-12.853147;-52.288628
2;46.715939;5.701618;-26.834038;-85.235966
2;46.67869;12.994014;-17.676117;-17.765014
4;46.50652;-5.80635;-14.17857;-35.106056
4;46.48175;-13.08871;-31.460303;-43.044545
4;46.47053;-7.01118;-28.681208;-57.345947
4;46.41951;32.440285;-25.416466;-41.148636
1;46.403355;3.567428;-6.127315;-43.365304
4;46.36877;-4.947783;-30.555411;-32.834458
1;46.256409;-16.609819;-16.631417;-21.29041
2;46.169765;1.826506;-15.334825;-21.434258
2;46.163193;-4.077511;-8.65043;-10.92779
2;46.116529;18.873059;-28.852053;-34.668839
1;46.069204;-3.553069;-7.29816;-10.619488
4;45.92518;-17.016374;-24.375471;-42.378241
4;45.92518;-15.078976;-21.263829;-49.193323
1;45.921246;-24.98548;-25.022362;-25.07736
4;45.85852;-15.597266;-27.465599;-59.884455
4;45.84184;-8.614909;-8.82173;-24.837818
4;45.78613;1.900723;-10.570201;-16.653194
4;45.75342;-20.70143;-20.703514;-23.13948
2;45.748639;-24.72734;-24.821278;-25.407405
4;45.74137;-10.510146;-10.543135;-10.547215
1;45.724302;-24.867852;-24.976313;-25.078972
2;45.593582;-0.619421;-9.588263;-9.657963
2;45.590153;3.440417;3.347967;-23.99029
4;45.4881;-21.49474;-21.557989;-21.803674
4;45.44882;-15.26971;-17.019333;-52.408844
1;45.441447;-0.333763;-1.005375;-8.19917
4;45.39408;4.320498;-23.19711;-30.544198
4;45.39408;-12.590053;-12.593204;-33.44732
2;45.247748;-7.333816;-7.366443;-7.424793
4;45.00111;-22.198413;-34.58787;-38.374504
1;44.745244;11.90245;-4.806607;-25.616526
4;44.64783;-21.654194;-21.738565;-34.130182
4;44.62839;2.973258;-16.685441;-83.254982
4;44.55196;-8.025617;-11.54594;-13.889835
4;44.49013;1.690927;-41.351668;-61.939562
4;44.46286;-4.63931;-8.451125;-9.505896
4;44.44445;7.44499;3.662314;-37.788826
4;44.4283;-24.562434;-24.609843;-26.094589
4;44.36934;-22.970504;-23.030858;-23.06003
4;44.33348;5.085132;-5.232767;-17.433273
4;44.26074;-4.131016;-4.174189;-24.12428
2;44.230039;-7.199089;-11.539783;-17.5205
4;44.17464;-5.467265;-23.053737;-37.706706
2;44.161653;5.487278;1.339368;-17.08017
2;44.136624;-22.00478;-22.353064;-33.29499
2;44.125248;-11.221108;-49.38349;-93.884342
4;43.96341;0.49575;-7.543059;-8.404759
4;43.89237;-20.404141;-20.591364;-28.780926
2;43.870472;12.10134;-13.883705;-19.010726
2;43.81825;-22.27903;-22.448162;-32.892306
4;43.73065;-2.533744;-3.9774;-34.09019
4;43.71538;-13.75444;-16.761704;-56.467613
1;43.704625;-19.8032;-19.816221;-37.445734
4;43.68857;1.44842;-2.188066;-3.066955
1;43.679928;-12.018221;-12.133675;-26.039034
2;43.663005;-18.92468;-42.188838;-43.09893
1;43.636101;-7.60591;-10.858642;-25.198445
4;43.59229;20.304361;-30.041718;-37.700679
4;43.58469;7.3894;-6.623327;-17.004221
2;43.432817;7.42226;-4.04942;-28.19082
4;43.3999;21.35029;-27.194903;-32.763135
4;43.36082;-12.039814;-12.045579;-18.92002
2;43.321516;13.500098;-2.904008;-24.76582
2;43.321516;13.129999;-10.687954;-19.406115
1;43.128419;-4.02249;-7.246323;-11.707127
4;43.11317;-15.454603;-15.468083;-15.496831
4;43.10707;-11.618331;-13.294303;-20.575473
2;43.064677;-2.361854;-10.65616;-17.47037
4;43.05676;-9.553532;-9.69316;-22.361645
1;43.005418;0.069895;-18.337133;-24.845935
2;42.914981;-8.50321;-8.638942;-21.00832
1;42.650953;-23.1987;-23.203684;-28.64044
1;42.543994;9.998099;-19.26772;-36.65162
4;42.51661;-24.12107;-24.304186;-27.497849
4;42.4316;7.29767;-16.461647;-19.817115
4;42.27445;13.61809;-1.239064;-33.938739
1;42.240545;-22.331016;-22.43437;-22.514818
2;42.117383;4.88366;-2.219703;-10.036253
4;42.07495;-18.715643;-18.726314;-43.869242
2;42.074453;6.16861;-15.174262;-31.4378
4;42.06764;-7.199089;-11.539783;-17.5205
2;41.944527;-11.607201;-12.473761;-64.71269
3;41.930125;-19.21395;-19.268469;-29.660096
4;41.87563;-5.6724;-14.557536;-16.847655
4;41.82105;-23.063961;-23.158374;-23.21137
4;41.75088;2.28296;-8.139957;-20.119034
1;41.673571;24.04902;-71.801338;-75.600747
2;41.621653;-10.713267;-10.714783;-17.569064
4;41.62108;-18.655844;-18.66831;-21.055251
4;41.60833;13.39747;-15.014765;-24.132273
1;41.588204;0.904709;-5.537966;-20.369227
1;41.526633;-8.16519;-22.329738;-22.615584
4;41.50218;-24.909383;-24.93069;-25.034853
4;41.46748;-17.5578;-17.931902;-46.86577
2;41.387448;-2.16132;-2.806933;-41.82965
2;41.387448;7.16604;-16.05247;-34.749674
4;41.38633;0.779266;-0.43674;-2.028499
4;41.27146;6.136704;-43.503887;-69.902017
4;41.2083;6.08144;-8.698807;-16.469288
4;41.1255;-23.15283;-23.837739;-29.546531
3;41.123034;-7.562045;-12.734872;-23.102984
4;41.11284;11.372072;-14.359265;-21.63246
4;41.0744;-7.199089;-11.539783;-17.5205
4;41.07062;-5.415616;-13.493757;-21.062698
1;41.059695;-19.453738;-19.542029;-19.57954
4;41.04576;-19.258362;-19.340474;-26.079978
1;40.87195;-22.96215;-23.06784;-31.089575
4;40.72903;-6.593672;-6.610603;-6.853056
4;40.69583;7.73403;7.692305;-29.580112
2;40.601338;-24.94332;-25.017935;-25.149015
4;40.56159;-19.925191;-23.566335;-36.508
2;40.443455;-6.722456;-8.936513;-9.32762
4;40.20776;-0.791145;-15.998195;-19.086339
4;40.20495;18.47777;-38.581083;-101.249809
4;40.19037;2.724537;-4.799359;-100.844933
4;40.13106;-20.368654;-22.782417;-36.69607
2;40.118698;-12.436123;-12.569246;-12.627535
4;39.99886;-12.496317;-12.534059;-15.17739
4;39.97207;-2.961814;-44.389761;-67.666745
1;39.958954;-20.486674;-20.659327;-38.583759
1;39.931628;-9.023048;-10.364393;-27.872125
1;39.931628;31.89662;-47.71001;-49.259035
4;39.92977;2.318779;-1.140494;-7.039156
2;39.796742;-4.411062;-10.378416;-22.068074
2;39.712088;27.223559;-18.587605;-49.761461
4;39.71059;3.58789;3.298685;-29.247456
4;39.61146;-7.892616;-16.628924;-31.201209
2;39.599737;41.169165;-28.878831;-104.932781
4;39.54467;-22.22774;-22.275293;-33.334923
1;39.418897;5.785719;-13.068332;-15.63165
4;39.38373;-14.038756;-14.216322;-25.926594
1;39.063212;5.229294;-93.138805;-124.28952
4;39.05744;14.920996;-21.0937;-32.104378
4;39.05034;-1.618896;-7.987956;-25.668244
2;39.005333;11.162066;-14.489161;-27.954792
4;38.99711;-3.285796;-11.180949;-16.063514
1;38.993632;-3.037213;-43.195596;-50.720022
4;38.92127;-16.28166;-31.277093;-36.242284
4;38.87319;-20.247851;-20.388115;-39.3049
2;38.858009;4.204176;-1.24088;-19.353401
4;38.85785;-7.18108;-7.590229;-78.040793
4;38.8129;-20.576502;-25.685663;-33.218207
2;38.811967;-20.576502;-25.685663;-33.218207
4;38.81152;0.764243;-18.497132;-21.317459
4;38.78655;-15.467574;-15.609352;-18.832049
4;38.71786;-23.603046;-24.937575;-28.157347
1;38.607743;-19.91077;-23.364318;-36.55344
2;38.56062;-15.296705;-70.163207;-72.452466
2;38.56062;-12.588469;-12.605258;-12.66578
2;38.546766;48.435348;-21.427346;-94.899307
4;38.31507;-22.235879;-23.268708;-32.813406
1;38.311562;-16.040828;-16.212205;-51.090006
4;38.28137;-24.82908;-25.066151;-25.122894
1;38.277088;13.202988;-0.184274;-47.026798
1;38.277088;25.874925;-9.940579;-50.508533
4;38.24061;-2.214822;-2.21561;-4.689925
4;38.20316;21.445025;-12.855618;-42.62839
1;38.150474;14.45032;-16.807698;-41.804285
4;38.04572;-5.817785;-6.409838;-7.458361
1;38.039389;-7.74248;-7.753514;-7.788762
4;38.01872;-22.723098;-22.84036;-31.577805
1;37.87559;-17.66165;-17.936751;-46.508502
2;37.859513;-24.899299;-25.05124;-25.05726
2;37.838239;9.807944;3.375669;-23.931778
4;37.83232;-7.581786;-7.584004;-10.875004
1;37.816762;-1.267778;-3.550482;-22.135456
4;37.76208;-20.690402;-20.747273;-37.648665
4;37.75581;31.89662;-47.71001;-49.259035
4;37.6329;0.196743;-8.067674;-11.563127
1;37.624606;-11.416131;-11.425644;-11.45494
4;37.61741;7.5669;-22.570688;-38.847693
1;37.573821;-24.59034;-25.123278;-25.545531
1;37.573821;-8.651623;-8.705935;-8.710004
2;37.507209;-8.651623;-8.705935;-8.710004
4;37.42467;6.927144;-14.67271;-68.462491
1;37.412844;-2.361854;-10.65616;-17.47037
4;37.22869;-0.950937;-8.143887;-15.055525
1;37.218672;-10.537987;-12.421052;-22.827091
4;37.21522;-14.7185;-19.540809;-50.530643
2;37.188403;4.715726;-42.192288;-59.67479
2;37.100451;-54.305014;-84.315455;-142.523873
2;37.077595;-22.172454;-27.352011;-30.533445
4;37.01148;-2.361854;-10.65616;-17.47037
4;37.00498;5.35266;-22.072462;-57.46294
2;36.965464;-18.742371;-18.864358;-20.605975
1;36.953122;2.22848;-21.590971;-26.893921
1;36.885355;-4.337565;-14.368734;-15.991936
4;36.85754;-24.913795;-24.961768;-25.182569
2;36.825045;-14.27661;-14.341191;-57.308981
2;36.793993;-11.60354;-11.66527;-11.70717
1;36.698722;14.920996;-21.0937;-32.104378
1;36.627843;7.168907;1.805108;-18.845776
1;36.558099;-5.110095;-43.484348;-46.301563
1;36.558099;17.742037;-27.134412;-54.075579
1;36.511898;12.07077;-8.867372;-16.654268
4;36.479;-11.461643;-26.095449;-31.757643
4;36.43889;41.169165;-28.878831;-104.932781
4;36.38491;17.224266;-16.192132;-22.539928
1;36.383746;-5.16422;-5.384529;-12.276017
2;36.259372;-5.70333;-6.836343;-13.772211
2;36.259372;-24.883;-25.050426;-25.128519
2;36.259372;-9.91892;-10.118352;-70.619113
2;36.146995;-7.94746;-8.87579;-10.770794
4;36.09596;11.823284;-5.332038;-32.984359
4;35.93202;-17.658453;-17.670431;-27.283199
1;35.908041;0.30958;-44.402116;-56.171248
4;35.87568;-22.688126;-22.83818;-22.859153
4;35.81998;-11.607201;-12.473761;-64.71269
1;35.806091;-14.833235;-14.891161;-14.903992
4;35.78608;-24.83924;-24.968542;-25.087338
4;35.78608;6.927144;-14.67271;-68.462491
1;35.762406;-19.88052;-19.965489;-39.34572
2;35.708891;2.82877;-4.096451;-24.816019
2;35.667711;-18.742371;-18.864358;-20.605975
2;35.667711;1.599172;-14.1394;-24.678437
4;35.52773;0.12497;-2.58868;-13.31188
4;35.49605;21.7092;-10.322284;-48.48737
4;35.49436;16.233102;-44.26087;-89.075871
4;35.469;-9.892894;-9.896386;-21.678202
1;35.421242;14.141391;-10.379105;-40.147207
4;35.2897;7.791986;-7.128307;-21.485958
4;35.27509;-22.11499;-22.135045;-22.282797
2;35.20675;-21.18916;-21.265737;-21.44138
2;35.113539;1.63487;-2.0974;-12.311132
2;35.035283;-20.368654;-22.782417;-36.69607
4;35.02789;-2.400799;-10.2775;-21.959915
2;34.975981;-11.927215;-11.971488;-12.00933
4;34.94257;11.1831;7.448953;-32.627992
4;34.87748;-3.284561;-42.503075;-51.31208
4;34.85663;-7.43513;-16.433557;-20.305958
4;34.69823;3.465566;1.39086;-108.226568
2;34.644912;0.043543;-44.078803;-59.154792
2;34.63822;-3.1629;-8.832657;-20.796753
4;34.61405;-5.515731;-12.935544;-18.34271
4;34.60822;-15.850642;-34.715701;-55.453098
4;34.57418;-0.70403;-1.434518;-2.039878
4;34.56512;-13.397046;-30.010095;-43.18056
2;34.549175;-17.430022;-18.837451;-46.69684
2;34.492663;11.1831;7.448953;-32.627992
4;34.45507;-23.78933;-24.116389;-25.399613
4;34.40747;-5.465652;-16.79532;-42.147349
4;34.39968;-12.388613;-14.913123;-28.597978
3;34.312205;-11.60025;-33.325681;-43.19343
4;34.29671;11.39502;-3.90323;-25.077622
4;34.25608;-15.458814;-15.46549;-38.561901
4;34.21955;-13.01978;-18.85682;-55.187727
4;34.21955;5.33174;-0.548486;-12.739998
4;34.12481;-9.392688;-40.375023;-46.573831
1;34.08149;30.162286;-2.611602;-70.6791
4;34.03898;-0.57131;-5.991228;-18.111492
4;34.01553;16.07629;-11.30349;-60.41437
4;34.00808;-23.22861;-23.305946;-28.760061
2;33.85678;-2.144922;-19.418421;-20.511614
2;33.831455;-2.199654;-32.070853;-63.75438
4;33.78884;-12.60648;-12.670328;-62.266455
4;33.69085;-23.481207;-23.58847;-28.0083
4;33.68224;-10.492091;-22.345807;-56.619413
4;33.65888;12.85373;0.414032;-68.058823
1;33.534763;-24.062166;-24.074387;-27.800056
1;33.461399;-2.377703;-43.638616;-51.739118
2;33.391908;-18.763388;-18.79844;-20.102695
1;33.350154;-5.473321;-18.40171;-31.590755
4;33.34448;-24.869404;-24.905093;-25.046283
4;33.33989;-21.874888;-25.41601;-31.31469
4;33.30816;-23.409458;-23.458371;-29.544652
3;33.306024;-3.63183;-9.150876;-13.389253
4;33.29358;-2.937489;-9.406246;-15.575377
4;33.29358;-17.377747;-17.472296;-17.724908
4;33.27605;-24.629;-25.172603;-25.83186
2;33.100609;-23.088426;-23.405014;-30.435958
2;33.100609;-2.04843;-3.717696;-23.072325
2;33.096965;-15.09383;-15.126255;-15.22135
2;32.884223;19.863232;-45.07964;-64.073756
4;32.83785;-21.927591;-21.946913;-21.9879
4;32.7923;-13.255953;-13.455364;-27.601914
1;32.764383;-3.72775;-4.070388;-15.078229
4;32.72772;-24.137593;-25.546527;-26.096892
4;32.66794;-20.538622;-20.540294;-21.166028
4;32.54401;8.331955;6.54597;-34.044065
4;32.48249;7.59415;5.879024;-26.031776
2;32.429491;-13.688272;-26.10275;-46.069705
2;32.422281;25.04631;-27.409755;-29.130274
4;32.35862;-16.910065;-23.69118;-29.782672
2;32.319989;47.98542;-68.069431;-84.768585
1;32.285646;-8.992554;-9.010548;-30.545939
4;32.28478;0.972469;-5.971121;-17.726086
4;32.23299;-10.078967;-33.480837;-46.727028
4;32.11708;-3.63183;-9.150876;-13.389253
4;32.08649;7.965277;-16.358444;-21.6273
4;32.0735;-20.277773;-20.562979;-27.920731
1;32.032114;-14.1876;-32.157999;-39.297851
4;31.94291;-6.094477;-6.106281;-11.927073
4;31.94291;9.662886;-18.59297;-51.331714
4;31.88648;-11.575239;-16.48819;-16.68181
4;31.80867;-24.802081;-25.033978;-25.232907
2;31.777758;-1.848163;-1.85111;-1.856273
2;31.777758;-6.66216;-61.203943;-191.225057
4;31.71267;-19.940544;-19.959584;-22.424373
3;31.682526;-0.381832;-24.172784;-60.167961
4;31.60049;-13.309427;-14.16036;-59.295657
4;31.56054;74.69968;-65.455567;-93.153737
1;31.533953;7.728907;0.148131;-45.494452
2;31.493719;-8.009027;-12.638784;-33.45875
4;31.3953;-6.850278;-39.494977;-52.78942
4;31.37865;-16.489282;-16.545821;-16.727137
1;31.364232;0.830279;0.446795;-2.601488
1;31.315716;1.651614;-1.79425;-6.86445
4;31.28188;-8.384184;-29.673772;-36.1587
2;31.209561;-8.332225;-8.34187;-8.385416
1;31.206885;0.099452;-1.1362;-2.439808
4;31.16931;-22.561445;-24.62145;-32.195975
2;31.150938;-15.034419;-26.499851;-43.82929
4;31.01885;-23.444421;-23.745297;-28.90503
1;30.99561;-14.284094;-14.382225;-57.463517
1;30.924014;-15.013806;-23.157016;-25.460082
2;30.849965;-9.855212;-10.043492;-12.583785
1;30.756239;-24.502117;-24.685659;-26.325342
1;30.753591;16.344344;-8.99591;-31.420004
2;30.725355;-24.54558;-25.006868;-25.46651
2;30.655438;5.620103;-4.540008;-13.275136
4;30.64084;2.29267;-3.979089;-7.706892
4;30.59887;-4.09589;-22.503005;-23.561807
1;30.583724;-14.38021;-15.03289;-55.826032
4;30.54821;-6.94895;-6.999429;-7.227629
4;30.53025;3.36291;-18.580279;-23.343259
4;30.49777;13.140739;-49.89456;-77.05129
1;30.488389;-1.637383;-3.094263;-61.198997
1;30.488389;9.168232;-10.902279;-57.242264
1;30.488389;-7.655416;-10.376619;-32.04552
4;30.44272;26.77452;3.561378;-69.193753
4;30.41091;12.02485;-18.151775;-36.417068
1;30.405513;-10.069785;-10.47852;-69.253717
2;30.398657;-20.60632;-27.71119;-31.241774
4;30.37007;-19.83916;-20.001154;-40.089065
4;30.30169;7.307041;-3.274464;-56.419773
2;30.266005;20.238472;-10.663889;-52.681653
4;30.09221;-8.43077;-18.349136;-65.246115
2;30.07647;-21.590834;-26.600683;-30.78765
2;30.033188;-18.836737;-18.876669;-18.883285
4;30.02046;1.320708;-21.270305;-31.274418
1;29.939784;-20.165029;-20.351645;-39.271676
4;29.82012;-28.041195;-30.31033;-43.901459
4;29.77245;-17.054565;-17.436223;-42.423387
2;29.762237;0.53105;0.11175;-10.780788
4;29.67318;2.345113;-49.548288;-56.61577
4;29.67318;74.69968;-65.455567;-93.153737
4;29.61287;25.042066;-11.93;-41.720377
1;29.535873;-21.84683;-23.639671;-32.952523
4;29.35532;-1.837045;-5.51231;-43.157606
4;29.31094;2.648804;-52.046519;-53.539284
4;29.31094;-23.436309;-23.447904;-29.692991
4;29.27937;1.511837;-14.250609;-15.551594
2;29.066607;10.07884;1.261463;-25.403426
4;29.05745;-7.877909;-8.049835;-18.928886
1;29.040758;-11.525128;-12.461562;-23.08013
4;28.98109;0.972469;-5.971121;-17.726086
2;28.955615;13.009739;-47.66488;-63.90699
4;28.90957;-19.24238;-19.560032;-41.116044
1;28.852024;-1.00362;-26.165423;-30.463085
4;28.84678;-24.219725;-24.338095;-24.467795
1;28.838451;23.599111;-49.931696;-97.641104
4;28.79567;4.54866;-7.66328;-8.973822
2;28.747731;-16.379093;-16.395014;-21.56957
4;28.64065;-0.073496;-3.820143;-11.79789
1;28.608318;-21.414809;-21.662282;-35.249273
4;28.56156;-2.097086;-2.11314;-2.554814
4;28.53466;-18.77899;-31.27201;-31.77731
4;28.51481;-14.142189;-14.415407;-15.775887
2;28.4737;20.192704;-35.474255;-38.879923
1;28.472267;11.826502;0.758563;-31.44456
4;28.44957;-16.604302;-23.60885;-43.30237
4;28.37651;-24.348838;-24.403172;-26.74946
4;28.32399;-7.438607;-8.538067;-25.96785
4;28.29036;-24.636077;-25.070037;-25.752253
2;28.290087;-24.866226;-24.94919;-25.237873
4;28.26129;-8.447839;-25.389608;-27.51981
1;28.193215;2.70271;-8.037002;-15.65381
4;28.00673;-14.178402;-29.013701;-48.817564
4;27.93102;8.774818;-18.366708;-22.120788
4;27.91911;12.09286;-7.29591;-18.519444
4;27.7715;25.317369;-30.446205;-44.12734
4;27.65883;-24.811979;-24.98338;-25.064449
1;27.632041;1.46233;0.705503;-32.107622
4;27.61842;19.75688;-56.224399;-94.031144
2;27.594048;-7.848852;-48.474866;-56.344743
4;27.52589;8.23801;-38.601785;-81.45659
1;27.440305;3.36291;-18.580279;-23.343259
4;27.40688;-16.49592;-16.560871;-20.851114
2;27.359377;-18.277899;-18.516659;-31.442769
2;27.359377;-27.681754;-32.73034;-56.50748
2;27.352822;29.427235;-22.117786;-90.256764
4;27.33438;-1.9859;-3.814539;-13.026529
1;27.279511;-5.193896;-6.2275;-83.420524
4;27.24263;-10.850321;-33.18997;-41.595331
4;27.13978;-24.80234;-24.940721;-25.004177
4;27.10472;-8.78374;-8.787491;-8.833154
2;27.091452;23.492313;-23.955444;-25.93185
4;26.95371;0.099452;-1.1362;-2.439808
4;26.9197;9.168232;-10.902279;-57.242264
2;26.915575;-15.207955;-15.238831;-54.367618
2;26.776606;-22.344823;-22.353583;-33.028755
2;26.68151;-22.27822;-22.67655;-32.432747
2;26.594977;-14.85912;-14.932457;-29.807731
2;26.521657;-7.54778;-18.343609;-67.448227
4;26.49311;-18.005749;-18.121889;-18.188662
2;26.432819;29.977674;-38.737354;-86.54783
2;26.404385;-8.563046;-19.66271;-22.636334
1;26.394991;-23.578;-23.761851;-24.746472
2;26.382123;-16.150841;-16.22861;-16.46238
4;26.32733;-8.31003;-8.685531;-13.76067
1;26.311882;-17.941021;-17.979404;-19.116089
4;26.24008;-13.292703;-20.383346;-28.817218
2;26.189593;3.594617;2.73862;-13.735805
4;26.17195;-24.74105;-24.755767;-24.827474
4;26.17195;-24.1652;-24.533544;-27.155988
4;26.15801;-1.275678;-28.496487;-36.100221
4;26.12734;-6.646075;-6.82583;-12.610725
4;26.1273;-3.085366;-14.504029;-38.266717
4;26.08369;-3.28104;-35.020386;-48.817241
2;26.082641;-11.591885;-11.635123;-11.650475
4;26.06756;4.796966;-24.020815;-29.539357
4;26.06756;8.42792;-9.829705;-29.095993
4;26.04079;-11.14075;-11.202775;-11.315363
1;25.99257;-5.831807;-44.263668;-63.134911
1;25.976029;18.59509;-15.509595;-41.897472
1;25.963935;-16.242993;-16.822686;-50.875719
4;25.86566;-11.988053;-12.079652;-14.743821
4;25.82606;-6.73164;-37.817321;-49.446075
2;25.824053;2.013275;-31.474744;-37.715346
1;25.777037;-20.14745;-20.209915;-20.366567
4;25.76785;0.353748;-8.80618;-21.849262
1;25.749565;15.1288;-21.234688;-29.700203
2;25.671073;-6.812056;-6.822207;-7.103827
2;25.671073;-16.2416;-30.433661;-37.145992
2;25.642174;16.991738;-33.609089;-69.494664
2;25.534925;-23.168728;-23.177031;-29.389981
4;25.52891;0.179936;-16.25361;-25.452954
4;25.4928;-2.17402;-22.493246;-73.268467
4;25.48781;-24.760647;-24.91581;-25.009612
1;25.469266;-24.920154;-25.014308;-25.055442
2;25.425338;-23.704789;-29.720097;-41.468056
2;25.413804;1.574843;-40.41983;-67.212372
2;25.372257;-18.14542;-19.02803;-25.040488
2;25.372257;-3.915319;-4.552369;-12.481604
4;25.32267;-18.339875;-18.570092;-45.207381
2;25.293612;-2.759579;-14.330199;-16.250115
2;25.21569;-2.994275;-3.032117;-11.829284
4;25.09787;-9.698747;-10.89438;-44.801886
1;25.087837;30.79348;-42.983286;-117.948866
2;25.059517;5.36055;-0.876692;-15.74146
4;25.00248;-22.968261;-23.879463;-24.361815
2;24.986594;16.51088;-38.564155;-53.977377
2;24.981163;33.278855;-26.88834;-51.784598
4;24.97201;1.31836;-4.461067;-19.187724
4;24.9496;-24.565664;-24.670406;-26.16296
4;24.91034;2.200506;-3.596669;-23.553439
1;24.817982;-15.34955;-15.494662;-34.231113
1;24.751489;-1.70411;-4.182633;-4.774366
1;24.674036;-14.99081;-32.766576;-42.836766
4;24.62082;-23.575492;-23.621948;-29.012542
4;24.61965;2.79071;-9.417904;-11.692846
4;24.61022;4.991258;-13.227047;-31.954584
2;24.571195;-19.241824;-19.289016;-28.51676
4;24.51343;-2.168058;-45.060591;-50.66879
4;24.46289;15.96785;-14.152706;-18.66765
4;24.43061;6.93764;-4.301039;-12.09059
4;24.41033;0.957086;-4.07612;-9.489173
2;24.344233;-24.96332;-24.985184;-25.11242
1;24.252556;-22.907619;-22.934128;-31.079296
2;24.232118;-5.100785;-5.647589;-5.96621
1;24.172305;8.165302;-44.097743;-46.593251
4;24.15034;2.525267;-10.41584;-22.863012
2;24.149643;-9.549041;-9.555764;-20.82682
4;24.12783;-9.80838;-11.37921;-27.357369
2;24.107177;9.648952;-9.66022;-18.856274
1;24.086214;-5.69344;-11.425723;-29.76954
4;24.07156;0;0;0
4;24.02342;-21.43729;-21.49512;-21.49704
2;23.996623;3.118472;-0.354943;-9.27217
2;23.995827;-2.54718;-7.881485;-87.2252
4;23.94407;-24.831766;-25.07722;-25.119165
2;23.883728;13.342435;-15.406355;-65.965319
4;23.83895;-6.851666;-7.568137;-9.386472
4;23.80627;0.74658;-6.990926;-94.800396
1;23.780927;-16.88452;-20.630651;-23.313903
2;23.729421;-8.824368;-8.877259;-13.677021
2;23.709902;-24.759268;-24.915895;-25.61158
1;23.669296;-17.83413;-17.913409;-44.375077
2;23.655737;14.738075;-12.317439;-21.147223
2;23.528189;-23.884467;-23.91715;-28.107261
2;23.3382;-13.946291;-23.480155;-49.147937
2;23.284756;-6.128454;-10.005941;-13.63806
4;23.27602;-24.759268;-24.915895;-25.61158
1;23.21688;-19.379255;-19.435341;-19.52066
4;23.16357;-2.168713;-11.49111;-19.616231
4;23.13926;-24.737462;-24.77115;-25.62717
4;23.13926;-35.571832;-61.60111;-64.673301
1;23.117671;25.337304;-11.97621;-64.594206
4;23.09954;-24.363435;-25.602732;-28.323766
2;23.056914;2.26383;-1.491074;-8.906643
1;23.050686;0.805097;-0.74239;-101.393713
1;22.975945;27.375749;-3.399492;-76.347841
4;22.94925;-21.81139;-21.870367;-21.917443
2;22.938286;-5.120502;-5.21818;-13.893425
1;22.922404;-22.802939;-25.186054;-29.21775
4;22.91426;33.690265;-38.799019;-89.35927
2;22.899746;-22.911626;-23.02337;-31.08564
3;22.876369;-2.684317;-2.69821;-2.712381
4;22.85592;-16.329394;-17.654347;-28.892311
2;22.824766;6.739051;-2.609873;-25.671491
4;22.82243;-21.913188;-24.83452;-31.290297
4;22.72473;-9.642752;-16.965278;-19.145403
4;22.72473;-10.685564;-10.925424;-28.122118
1;22.645304;-8.654406;-8.889748;-10.779839
4;22.59633;-8.994777;-16.712159;-46.280805
4;22.44711;-24.893146;-24.963327;-25.142311
4;22.44711;0.700113;-48.751189;-53.035293
4;22.4252;-14.074541;-14.091836;-38.57044
4;22.39698;16.041287;-63.360893;-116.501016
2;22.360877;33.715637;-29.947959;-58.996705
4;22.33043;-13.049447;-13.173262;-13.908355
4;22.33043;-16.364578;-17.151636;-20.487432
2;22.278717;9.708041;-35.641024;-50.18767
2;22.225993;-9.56596;-27.33257;-52.550094
1;22.181258;-26.154791;-46.595084;-62.06323
4;22.12505;8.327011;-12.22044;-23.465937
2;22.106824;3.463322;-7.11843;-9.330905
4;22.02964;-15.38167;-15.480106;-15.541568
2;21.899915;5.207792;-15.118109;-25.585743
4;21.89271;-17.15017;-17.474384;-20.008151
2;21.82759;-23.231317;-25.818241;-27.283222
2;21.667275;7.419282;-7.01834;-17.970043
4;21.6553;-14.217428;-14.261039;-42.85917
3;21.559704;17.34446;-8.804485;-40.222511
4;21.54231;3.10767;1.106792;-18.89633
4;21.50779;-21.70102;-21.734174;-21.790734
1;21.503251;-13.4296;-13.55882;-14.399029
2;21.480084;8.86419;-18.688435;-41.054577
1;21.470727;-12.552259;-12.579085;-12.630736
1;21.437384;-24.806451;-24.835048;-24.895121
1;21.349503;-2.078494;-43.320268;-53.256573
2;21.333513;-13.4296;-13.55882;-14.399029
3;21.253312;0;0;0
4;21.20309;-11.52726;-23.193587;-53.323353
2;21.176013;6.920504;-12.096932;-15.71504
4;21.08731;11.004715;-10.15064;-21.086747
4;20.9881;0;0;0
2;20.974008;-27.841299;-35.328661;-43.871608
4;20.97293;-15.28754;-15.927023;-53.41923
4;20.94929;1.31836;-4.461067;-19.187724
2;20.891472;18.74478;-0.869754;-37.123338
2;20.86019;-17.866424;-17.98446;-32.664198
4;20.82227;12.397009;-2.722336;-37.293101
2;20.794962;-24.929243;-25.007099;-25.062727
1;20.793092;5.838173;1.4704;-30.40812
2;20.777688;26.510434;-14.76535;-55.424992
4;20.74974;-18.347719;-30.471863;-32.363718
4;20.73809;-13.24524;-19.510385;-33.168814
2;20.633438;-2.078494;-43.320268;-53.256573
4;20.63024;-10.59951;-10.861097;-66.708577
4;20.61459;4.5198;-16.997285;-31.227145
3;20.613588;-10.685564;-10.925424;-28.122118
4;20.52211;-0.405413;-21.76976;-34.016708
4;20.51383;-13.995;-16.095824;-42.727766
1;20.494475;-23.53801;-23.565324;-23.747733
1;20.494421;5.236313;-5.890011;-16.709312
4;20.48212;1.61789;-4.684884;-17.42748
4;20.30174;-11.301691;-14.09063;-65.790444
4;20.29411;-2.45478;-2.710087;-42.071505
1;20.259308;-12.30541;-12.425594;-12.457399
4;20.25509;-24.61649;-24.643866;-25.094178
2;20.232681;-6.831948;-10.08983;-22.497114
1;20.216127;1.88959;-1.289925;-23.717343
4;20.18417;-12.066169;-12.07919;-12.23838
4;20.05733;-3.647798;-6.457595;-12.319817
4;20.02234;-5.35809;-17.306204;-71.748565
4;20.00774;-4.884675;-4.949877;-18.615016
4;19.90251;6.064983;-7.652832;-19.042395
4;19.89801;-7.076426;-41.512945;-44.216245
4;19.86564;27.375749;-3.399492;-76.347841
1;19.85728;6.89746;-19.842421;-29.172425
4;19.68598;-8.226593;-8.370883;-11.333553
4;19.63;26.43439;4.430372;-102.526643
1;19.434744;44.308117;-27.993355;-68.79829
4;19.43405;-15.601693;-15.613789;-15.66831
2;19.35173;-11.579098;-21.253303;-27.833695
2;19.271376;-0.876775;-10.043147;-17.614738
4;19.26482;0.805097;-0.74239;-101.393713
1;19.248297;-18.38764;-21.108284;-32.168252
4;19.16614;15.17234;2.087194;-33.263315
4;19.08998;-6.19004;-7.423796;-14.57937
2;19.086648;-19.033886;-19.466073;-42.258254
2;18.956674;6.666234;-16.354728;-20.910376
4;18.90939;-14.948465;-15.383846;-54.509938
2;18.867549;2.58156;0.134219;-106.07242
4;18.85949;-2.8805;-8.112016;-19.591203
2;18.826977;33.278855;-26.88834;-51.784598
1;18.792381;-21.159643;-23.634851;-33.834084
4;18.76684;-24.929354;-24.98224;-25.115121
2;18.726739;-12.643174;-12.64328;-12.752926
4;18.72658;-6.666155;-6.786981;-22.64283
4;18.72358;-22.90983;-23.513196;-30.510465
2;18.625274;0.147393;-19.558879;-22.090699
4;18.5335;6.935191;-18.448036;-18.857225
2;18.520682;-7.13728;-18.007892;-33.18719
4;18.42466;-18.560507;-19.012757;-43.940555
4;18.33106;-2.930841;-6.070966;-25.254274
2;18.320036;21.83572;-21.120218;-27.310485
2;18.168876;5.06933;-20.071079;-24.9572
4;18.10323;-18.591977;-19.268333;-44.187596
1;18.083882;-21.059349;-21.104212;-25.357304
2;18.009751;9.638167;-20.742731;-35.401963
2;17.946472;-24.876268;-24.959717;-25.158572
2;17.927179;19.366097;-23.778123;-54.702389
2;17.927179;-13.428592;-13.674445;-26.336639
2;17.864186;0.78073;-3.288077;-11.13553
2;17.863187;-20.35303;-20.724416;-38.404996
4;17.85567;0.338055;0.024465;-6.11909
4;17.78399;-24.929398;-24.939014;-25.035323
1;17.741415;-10.185386;-26.80904;-53.220835
1;17.741415;-23.765033;-23.877606;-28.453837
1;17.653887;-8.511532;-10.217582;-72.427119
4;17.64167;-14.95507;-33.153745;-37.838373
1;17.585825;-20.200002;-20.25231;-38.592773
4;17.5809;-24.876268;-24.959717;-25.158572
1;17.569101;-13.476674;-13.589595;-35.20797
4;17.40176;0.2749;-2.80407;-15.334021
4;17.363;-5.046669;-5.42275;-22.922486
1;17.241315;-24.625948;-24.752785;-26.384782
1;17.201912;-1.18335;-2.102803;-5.256154
4;17.18388;-9.549041;-9.555764;-20.82682
2;17.165725;-15.561197;-15.68032;-53.736986
4;17.11053;17.60654;14.271117;-111.208969
4;17.04646;20.49705;-4.424032;-38.254279
2;17.026622;24.44173;-51.720735;-51.936854
4;16.96407;-4.23069;-27.915239;-55.970576
2;16.852502;-21.241179;-21.46793;-21.527472
1;16.821125;-18.472328;-18.508437;-18.520113
2;16.714584;8.327011;-12.22044;-23.465937
1;16.694155;-20.356807;-20.59608;-38.472525
2;16.509464;-0.179248;-7.396299;-13.039053
2;16.390108;7.835826;-37.193331;-43.444844
2;16.2803;1.93728;-7.020125;-8.6002
4;16.25341;6.102723;-94.612372;-131.774019
3;16.238144;16.33867;7.269465;-54.333488
2;16.166387;-24.41435;-24.603935;-24.610001
1;16.164294;52.428122;-31.36501;-95.842733
4;16.15569;-20.125071;-20.343374;-22.963868
3;16.12706;-9.90014;-11.385122;-15.272837
2;16.003777;-18.137554;-18.14152;-46.270018
2;15.788854;-11.352036;-11.36946;-12.94621
2;15.775595;28.422248;-24.25332;-54.010157
1;15.760602;-19.04959;-19.210728;-39.345745
2;15.699444;-8.50849;-8.848222;-21.361152
1;15.691534;4.896672;-9.602108;-13.828072
2;15.6421;-13.824582;-21.949038;-44.557579
4;15.60495;-14.93734;-15.075622;-26.651221
2;15.554813;16.425794;-16.250676;-34.574801
4;15.49727;-1.84802;-1.850285;-1.857249
2;15.452065;3.277648;-44.785215;-61.840513
4;15.44936;12.70914;-7.612019;-26.446626
1;15.409282;-9.90014;-11.385122;-15.272837
2;15.298161;-12.12992;-12.281836;-12.286962
4;15.23308;2.752314;-7.04585;-7.192401
1;15.163336;-24.715475;-24.81862;-25.581992
1;15.158372;-22.256652;-24.167545;-31.239768
4;15.09013;-5.21981;-19.368115;-23.805571
4;15.08556;-23.24195;-28.760997;-34.893895
3;14.959263;1.60903;-3.123525;-6.359443
1;14.847916;3.00209;-51.241265;-54.779395
4;14.81217;16.806509;-19.20277;-19.710562
2;14.805527;-1.317366;-14.165337;-45.766412
2;14.738638;16.19143;-21.010662;-56.726974
1;14.681863;-20.692777;-21.444815;-21.959615
4;14.60143;6.22188;-16.358726;-43.414868
4;14.53373;-11.69082;-13.448745;-60.510148
4;14.51183;-24.934422;-24.943112;-25.062031
1;14.424375;-23.922937;-24.920467;-27.110856
2;14.394467;-19.698771;-21.80859;-38.9
1;14.324152;-9.483298;-32.80188;-47.776801
4;14.31427;0.68776;0.492429;-29.652462
4;14.24319;-20.273367;-20.53613;-39.167989
2;14.240228;5.11538;-27.960553;-34.790771
4;14.21902;-13.160058;-13.29909;-13.33759
2;14.169731;-21.23641;-23.217131;-35.962617
1;14.153775;-3.06394;-5.012444;-9.577502
2;14.130781;-23.609421;-23.705468;-28.02782
2;14.130781;-23.103085;-23.213642;-31.745225
2;14.113734;-9.36078;-13.841822;-33.640898
1;14.063121;-18.9632;-29.242821;-32.948578
2;13.995932;2.752314;-7.04585;-7.192401
2;13.995932;-23.103085;-23.213642;-31.745225
4;13.95612;-12.493337;-14.316361;-52.419789
4;13.86937;-22.37382;-23.43332;-26.064487
2;13.868886;3.322802;1.18392;-16.206957
2;13.85547;11.658244;-13.146727;-15.622051
4;13.8438;-24.293886;-25.527105;-26.081261
1;13.722488;-24.923799;-25.011718;-25.047423
1;13.683043;20.713386;-19.187638;-33.84573
4;13.68074;-23.232061;-23.26397;-25.883435
4;13.66927;-23.134674;-24.892717;-29.5295
2;13.642884;0.93033;0.603456;-4.613175
1;13.450865;11.937638;-15.348751;-34.421207
4;13.4244;-0.48308;-7.353265;-92.316083
2;13.370348;2.258161;-15.387004;-22.657245
2;13.025106;20.453594;-11.018563;-41.243704
4;13.02084;12.3947;-57.062125;-67.775254
4;12.98601;-16.2329;-16.374429;-17.537903
1;12.773656;1.794027;-18.588715;-26.935969
2;12.655641;-13.295775;-25.902296;-32.540452
4;12.6082;22.437994;-36.344166;-109.041903
2;12.558596;5.63624;-4.942169;-12.469321
4;12.54945;0.445157;-4.826608;-10.152288
2;12.398448;-24.863963;-25.010845;-25.01681
4;12.27265;8.25791;-14.189706;-19.361824
2;12.23861;-24.682454;-24.951945;-25.711586
4;12.19504;7.431117;-8.04559;-21.213106
2;12.161133;-0.086712;-4.246238;-12.69367
2;12.121449;-13.367423;-13.85225;-41.299924
1;12.088436;5.451827;-35.427616;-37.984212
1;11.961415;-1.77469;-5.64968;-20.865713
1;11.810364;-24.855419;-25.093205;-25.52855
3;11.776368;0.276897;-37.924469;-39.109979
2;11.77525;-5.158186;-5.32228;-23.376311
4;11.70023;17.68873;-14.897631;-27.878938
2;11.497738;0.403917;-23.002652;-41.479316
2;11.485943;19.974562;-4.793788;-46.10478
2;11.485943;-13.58762;-23.051105;-50.508441
2;11.461133;-3.3223;-31.696983;-43.486486
4;11.38762;-10.737672;-19.672218;-20.753272
4;11.38134;-22.764604;-34.976818;-44.077115
4;11.29412;-1.272626;-6.640836;-18.213883
2;11.257601;-3.22188;-18.347466;-34.003086
1;11.219912;-5.796862;-8.633201;-27.445567
1;11.174354;-24.83676;-24.931626;-25.345126
4;11.06846;-24.922128;-25.032757;-25.076029
2;11.057287;-15.208878;-16.067848;-54.392291
4;11.01887;7.495427;-1.456503;-34.948495
1;10.940808;-2.376945;-9.849183;-14.913654
4;10.83512;16.08981;-10.95888;-23.214815
1;10.835065;-2.048603;-6.774974;-16.664233
4;10.74816;-24.611023;-24.65655;-24.923362
2;10.734297;-4.907854;-8.656478;-15.18339
2;10.661119;3.878503;0.147461;-8.01998
4;10.63042;7.059905;-13.057637;-22.95788
4;10.59334;-22.622312;-22.674311;-22.78186
2;10.448805;-8.25756;-26.355984;-35.174539
1;10.446258;24.644114;-6.672126;-67.243855
1;10.446258;-7.740137;-7.78667;-15.680077
2;10.393234;19.51023;-16.043249;-49.630177
1;10.253524;-3.879137;-4.812375;-5.264617
2;10.137982;-13.278208;-13.349893;-14.067729
2;10.098399;12.923966;-2.877397;-32.869
4;9.9416;6.087741;4.201584;-44.744396
1;9.913987;-21.074119;-21.940001;-35.93142
4;9.87175;-24.385972;-24.630128;-57.559516
1;9.825507;4.56667;-29.757612;-92.75499
2;9.538309;8.68609;-17.61483;-67.328577
1;9.511513;23.157564;-13.44597;-35.704163
1;9.511513;-8.440699;-17.720712;-44.01105
1;9.453985;4.17165;1.580103;-20.490398
2;9.393308;-24.74597;-24.933639;-25.368287
4;9.36705;-20.438313;-25.920178;-33.02656
4;9.24595;-14.033202;-14.184409;-14.43334
3;9.120358;21.675529;-5.50968;-42.598661
2;9.063394;-24.927943;-25.00272;-25.012346
4;8.70426;9.53793;-45.687021;-72.920697
1;8.542315;14.320345;-12.043614;-26.707347
1;8.53444;3.04769;-3.531822;-23.225778
1;8.370286;13.74175;-5.311585;-37.470926
2;8.335988;-17.80332;-28.573554;-36.088794
2;8.333334;-1.572584;-14.61829;-82.298041
4;8.27631;-7.630834;-9.623705;-14.14077
2;8.221529;-21.522984;-21.868806;-23.122195
1;8.133882;-11.352036;-11.36946;-12.94621
2;8.10006;-0.580025;-7.385154;-7.532094
4;8.0949;-16.87154;-17.182224;-48.244239
2;8.068715;-15.760033;-15.786714;-28.478663
1;7.956737;-0.821139;-28.38284;-72.600765
1;7.873937;-17.246444;-17.294711;-20.098518
2;7.751811;-15.119397;-15.296086;-54.21151
2;7.697547;26.73023;-23.490912;-44.111274
4;7.56721;-20.1072;-29.645649;-30.105547
1;7.482979;-3.356628;-3.579993;-16.11406
4;7.41839;-18.06521;-18.974433;-43.390124
3;7.402626;9.370929;-52.658318;-65.909162
2;7.402563;24.925821;-33.020184;-53.495492
1;7.372293;6.22188;-16.358726;-43.414868
4;7.35288;1.30447;-34.317529;-93.475855
4;7.28796;-4.92795;-14.785823;-35.387668
2;7.246131;-4.44236;-31.615621;-32.369481
2;7.007085;2.570766;-18.080847;-19.779625
2;6.765041;-18.349228;-35.139947;-39.258791
2;6.660132;13.660755;5.773982;-40.522051
2;6.660132;-8.27996;-8.349217;-75.305673
2;6.508646;-21.14947;-21.27538;-36.34442
4;6.48187;-5.103041;-5.211913;-13.79222
1;6.244188;25.401191;-38.830776;-56.56013
3;6.17552;0.74149;-16.658866;-53.142598
4;6.15982;2.003453;-9.92907;-17.898429
2;5.98489;1.619333;-23.988624;-35.707643
2;5.875938;-14.40439;-21.992069;-33.597034
4;5.86087;-19.15536;-19.299775;-19.309025
1;5.756576;-24.927735;-25.003709;-25.087736
1;5.555556;11.688424;9.81506;-45.589698
1;5.555556;-13.10273;-34.681244;-39.740402
1;5.555556;-22.114123;-24.996921;-32.865873
4;5.44105;17.41732;-17.577239;-22.778367
2;5.174871;-14.22138;-14.30516;-14.38843
4;5.07636;12.536333;-21.927649;-34.572099
4;4.99154;-22.745492;-22.868653;-22.942009
4;4.89879;-14.50935;-14.57143;-51.018525
1;4.763942;-24.891816;-24.971452;-25.17383
4;4.55233;-24.6325;-25.14741;-25.462796
2;4.470672;14.393043;-17.17005;-18.083175
2;4.17843;-23.779806;-23.79281;-24.128975
4;4.12548;-20.05128;-24.672196;-35.506789
2;3.99516;1.24332;-6.618446;-7.649982
3;3.994015;-9.377076;-9.703749;-64.819193
2;3.8066;15.06267;-17.229366;-23.30257
1;3.584954;-10.7824;-10.820933;-11.702689
4;3.47655;-14.386074;-14.51803;-29.938722
4;3.47655;-18.237815;-18.363409;-44.72872
2;3.363431;-24.39713;-24.829704;-26.431997
1;3.201101;-22.8052;-24.237845;-29.45939
2;3.184136;-7.885336;-30.384916;-33.131284
3;3.174084;-15.20971;-27.932083;-42.128185
2;3.079387;-23.779806;-23.79281;-24.128975
1;2.83532;2.258161;-15.387004;-22.657245
1;2.786509;-13.642454;-23.733569;-60.62126
4;2.77529;12.598577;-10.764946;-17.438581
4;2.52015;-17.059163;-17.13231;-17.515305
1;2.452344;15.341317;-41.177288;-46.229862
2;1.68598;-13.24816;-17.364166;-55.754138
4;1.32441;8.998944;-6.065352;-12.7591
1;0;-24.715746;-24.85909;-24.93009
1;0;-12.182986;-12.30909;-12.332968
1;0;-2.293487;-2.56145;-94.317646
1;0;-9.559712;-9.567499;-17.01978
1;0;-1.272626;-6.640836;-18.213883
